post_office,recommendation_number,official_restaurant_name,normalized_restaurant_name,selected_years,address,phone,main_menu,price_text,business_hours,pdf_page,kakao_place_id,kakao_url,lat,lng,matched_restaurant_id,matched_restaurant_name,matched_slug,current_source_type,existing_trust_source,classification,match_reason,proposed_slug,recommended_image_filename,official_source_url,review_note
부산우체국,1,다무치아,다무치아,2024|2025|2026,"부산광역시 중구 대청로135번길 13-1, 3층",0507-1443-9085,"바질페스토 파스타 ₩15,000 | 감바스&오일파스타 ₩18,000 | 코스요리 ₩50,000","바질페스토 파스타 ₩15,000 | 감바스&오일파스타 ₩18,000 | 코스요리 ₩50,000",11:00-21:00 | 20:30 라스트오더 | 일요일 정기휴무,4,1297139609,http://place.map.kakao.com/1297139609,35.1040407805222,129.034626060667,,,,,,READY_FOR_IMAGE,kakao_verified,postoffice-busan-01,postoffice-busan-01.jpg,OFFICIAL_URL_REVIEW,
부산우체국,2,된장한상,된장한상,2025|2026,부산광역시 중구 대청로141번길 17,051-442-3006,"한우육회비빔밥 된장한상 ₩12,000 | 청국장한상 ₩10,000 | 제육볶음된장한상 ₩9,500","한우육회비빔밥 된장한상 ₩12,000 | 청국장한상 ₩10,000 | 제육볶음된장한상 ₩9,500",11:00-19:00(토 ~16:00) | 18:50 라스트오더 | 일요일 휴무,4,715154557,http://place.map.kakao.com/715154557,35.1043462714426,129.035055842391,,,,,,READY_FOR_IMAGE,kakao_verified,postoffice-busan-02,postoffice-busan-02.jpg,OFFICIAL_URL_REVIEW,
부산우체국,3,황태를벗삼아,황태를벗삼아,2025|2026,부산광역시 중구 대청로137번길 10-1,051-468-5958,"황태통찜(2인분) ₩19,000 | 황태북어탕 ₩10,000","황태통찜(2인분) ₩19,000 | 황태북어탕 ₩10,000",10:30-21:00,5,19337206,http://place.map.kakao.com/19337206,35.10370470095911,129.0350519522426,,,,,,READY_FOR_IMAGE,kakao_verified,postoffice-busan-03,postoffice-busan-03.jpg,OFFICIAL_URL_REVIEW,
부산우체국,4,분식회계,분식회계,2026,부산광역시 중구 대청로141번길 18,051-923-2236,"쫄우동 ₩7,000 | 비빔만두 ₩7,500 | 김초밥 ₩4,500","쫄우동 ₩7,000 | 비빔만두 ₩7,500 | 김초밥 ₩4,500",10:30-19:00,5,,,,,,,,,,REVIEW,kakao_no_match,,,OFFICIAL_URL_REVIEW,kakao 미매칭
동래우체국,1,쿠루미과자점,쿠루미과자점,2026,부산광역시 동래구 온천천로 71-1,0507-1347-8725,"쿠루미 생식빵 ₩8,000 | 공주밤식빵 ₩7,000 | 백빙수 ₩18,000","쿠루미 생식빵 ₩8,000 | 공주밤식빵 ₩7,000 | 백빙수 ₩18,000",11:00-19:00(주말 ~18:00) | 화요일 휴무,6,27364090,http://place.map.kakao.com/27364090,35.212753231407454,129.0804648259826,,,,,,READY_FOR_IMAGE,kakao_verified,postoffice-dongnae-01,postoffice-dongnae-01.jpg,OFFICIAL_URL_REVIEW,
동래우체국,2,수안커피컴퍼니,수안커피컴퍼니,2024|2025|2026,부산광역시 동래구 충렬대로256번길 32,1877-8358,"고메 플레이트 블랙 ₩11,000 | 솔티크림 콜드브루 ₩9,000 | 핸드드립 ₩9,000","고메 플레이트 블랙 ₩11,000 | 솔티크림 콜드브루 ₩9,000 | 핸드드립 ₩9,000",커피하우스 10:00-22:00 | 플래그샵 스토어 11:00-18:00,6,988686782,http://place.map.kakao.com/988686782,35.19979548391355,129.08669942629922,,,,,,READY_FOR_IMAGE,kakao_verified,postoffice-dongnae-02,postoffice-dongnae-02.jpg,OFFICIAL_URL_REVIEW,kakao 동명 복수(주소확인필요)
동래우체국,3,동래밀면,동래밀면,2024|2025|2026,부산광역시 동래구 명륜로 47,051-552-3092,"밀면 ₩8,000 | 비빔밀면 ₩8,000 | 왕만두 ₩7,000 | 들깨손칼국수 ₩8,000","밀면 ₩8,000 | 비빔밀면 ₩8,000 | 왕만두 ₩7,000 | 들깨손칼국수 ₩8,000",10:30-24:00,6,12519573,http://place.map.kakao.com/12519573,35.1983246042788,129.084200429359,,,,,,READY_FOR_IMAGE,kakao_verified,postoffice-dongnae-03,postoffice-dongnae-03.jpg,OFFICIAL_URL_REVIEW,kakao 동명 복수(주소확인필요)
동래우체국,4,영남식육식당 동래점,영남식육식당 동래점,2024|2025|2026,부산광역시 동래구 명륜로112번가길 51,0507-1332-2228,"깍둑등심(110g) ₩40,000 | 소금정식(110g) ₩36,000 | 양념진갈비(150g) ₩33,000","깍둑등심(110g) ₩40,000 | 소금정식(110g) ₩36,000 | 양념진갈비(150g) ₩33,000",11:40-14:30 | 16:30-22:30 | 21:00 라스트오더,6,21965019,http://place.map.kakao.com/21965019,35.2057710116254,129.082985393124,,,,,,READY_FOR_IMAGE,kakao_verified,postoffice-dongnae-04,postoffice-dongnae-04.jpg,OFFICIAL_URL_REVIEW,kakao 동명 복수(주소확인필요)
동래우체국,5,봉식당,봉식당,2026,부산광역시 동래구 온천장로119번길 26,0507-1367-9913,"스페셜코스(1인) ₩68,000 | A코스(1인) ₩55,000 | B코스(1인) ₩36,000","스페셜코스(1인) ₩68,000 | A코스(1인) ₩55,000 | B코스(1인) ₩36,000",12:00-15:00 | 17:00-22:00,7,1679524259,http://place.map.kakao.com/1679524259,35.22171167611783,129.08354873684863,,,,,,READY_FOR_IMAGE,kakao_verified,postoffice-dongnae-05,postoffice-dongnae-05.jpg,OFFICIAL_URL_REVIEW,
동래우체국,6,리바이브,리바이브,2026,부산광역시 동래구 명륜로 173,051-553-1880,"그릴드베지 샐러드 ₩10,800 | 바질루꼴라 치아바타샌드위치 ₩9,800","그릴드베지 샐러드 ₩10,800 | 바질루꼴라 치아바타샌드위치 ₩9,800",09:00-18:30(토요일 ~16:00) | 일·월요일 휴무,7,1838232516,http://place.map.kakao.com/1838232516,35.20928082379252,129.0822098513859,,,,,,READY_FOR_IMAGE,kakao_verified,postoffice-dongnae-06,postoffice-dongnae-06.jpg,OFFICIAL_URL_REVIEW,kakao 동명 복수(주소확인필요)
동래우체국,7,더라이스,더라이스,2024|2025|2026,부산광역시 동래구 동래로79번길 26,070-7576-2345,"소금빵 ₩3,000 | 쌀샌드위치 ₩8,900 | 비건쌀식빵 ₩7,200 | 수제마카롱 ₩2,500","소금빵 ₩3,000 | 쌀샌드위치 ₩8,900 | 비건쌀식빵 ₩7,200 | 수제마카롱 ₩2,500",09:30-19:00 | 일요일 휴무,7,161869871,http://place.map.kakao.com/161869871,35.209488807376054,129.0816442069406,,,,,,READY_FOR_IMAGE,kakao_verified,postoffice-dongnae-07,postoffice-dongnae-07.jpg,OFFICIAL_URL_REVIEW,
동래우체국,8,베르,베르,2025|2026,부산광역시 동래구 동래로79번길 30,0507-1424-5689,"피스타치오 파스타 ₩18,000 | 프렌치토스트 ₩15,000 | 크리스피샌드위치 ₩15,000","피스타치오 파스타 ₩18,000 | 프렌치토스트 ₩15,000 | 크리스피샌드위치 ₩15,000",10:00-18:00 | 일요일 휴무,7,1853942946,http://place.map.kakao.com/1853942946,35.1596388517291,129.064687721678,,,,,,REVIEW,kakao_gu_mismatch,,,OFFICIAL_URL_REVIEW,kakao 동명 복수(주소확인필요)
남부산우체국,1,황령산 보쌈,황령산 보쌈,2024|2025|2026,부산광역시 수영구 황령산로8,051-627-1321,"보쌈 ₩32,000/₩42,000/₩50,000","보쌈 ₩32,000/₩42,000/₩50,000",화-일 11:30-22:30 | 월요일 휴무,8,10966906,http://place.map.kakao.com/10966906,35.147645817052805,129.10957883070878,,,,,,READY_FOR_IMAGE,kakao_verified,postoffice-nambusan-01,postoffice-nambusan-01.jpg,OFFICIAL_URL_REVIEW,
남부산우체국,2,스위스제과,스위스제과,2024|2025|2026,부산광역시 수영구 광남로 45,051-623-5885,"밤식빵 ₩6,800 | 레몬파운드 ₩4,000 | 케익 ₩29,000~","밤식빵 ₩6,800 | 레몬파운드 ₩4,000 | 케익 ₩29,000~",06:30-24:00,8,9224093,http://place.map.kakao.com/9224093,35.146792225040244,129.11171048369047,,,,,,READY_FOR_IMAGE,kakao_verified,postoffice-nambusan-02,postoffice-nambusan-02.jpg,OFFICIAL_URL_REVIEW,
남부산우체국,3,구름고개카페,구름고개카페,2024|2025|2026,부산광역시 남구 황령산로 260,051-627-8685,"카페라떼 ₩6,500 | 아메리카노 ₩6,000 | 허브티 ₩6,500","카페라떼 ₩6,500 | 아메리카노 ₩6,000 | 허브티 ₩6,500",11:00-22:00,9,16465882,http://place.map.kakao.com/16465882,35.15927454189531,129.0958631803085,,,,,,READY_FOR_IMAGE,kakao_verified,postoffice-nambusan-03,postoffice-nambusan-03.jpg,OFFICIAL_URL_REVIEW,
남부산우체국,4,소바재우재,소바재우재,2026,"부산광역시 수영구 광남로 4-1, 1층",0507-1312-8952,"유자온소바 ₩9,500 | 유자소바 ₩10,500 | 수제만두 ₩7,000","유자온소바 ₩9,500 | 유자소바 ₩10,500 | 수제만두 ₩7,000",11:00-15:00 | 17:00-20:00 | 19:30 라스트오더 | 월요일 휴무,9,1280383204,http://place.map.kakao.com/1280383204,35.1434784200677,129.109553529647,,,,,,READY_FOR_IMAGE,kakao_verified,postoffice-nambusan-04,postoffice-nambusan-04.jpg,OFFICIAL_URL_REVIEW,
남부산우체국,5,지밀레니얼,지밀레니얼,2024|2025|2026,"부산광역시 남구 진남로 135, B동 1층",051-635-5005,"아메리카노 ₩5,000 | 아인슈페너 ₩7,000 | 아몬드크림라떼 ₩6,500","아메리카노 ₩5,000 | 아인슈페너 ₩7,000 | 아몬드크림라떼 ₩6,500",10:00-21:50 | 21:20 라스트오더,9,279644293,http://place.map.kakao.com/279644293,35.1387655076756,129.080104758839,,,,,,READY_FOR_IMAGE,kakao_verified,postoffice-nambusan-05,postoffice-nambusan-05.jpg,OFFICIAL_URL_REVIEW,kakao 동명 복수(주소확인필요)
남부산우체국,6,구자윤 과자점,구자윤 과자점,2024|2025|2026,부산광역시 수영구 수영로705번길 15,051-752-4811,"생크림 팡도르 ₩6,800 | 소금빵 ₩2,400 | 단팥빵 ₩2,800","생크림 팡도르 ₩6,800 | 소금빵 ₩2,400 | 단팥빵 ₩2,800",08:00-23:00,9,26428257,http://place.map.kakao.com/26428257,35.168547556658,129.116578253405,,,,,,READY_FOR_IMAGE,kakao_verified,postoffice-nambusan-06,postoffice-nambusan-06.jpg,OFFICIAL_URL_REVIEW,kakao 동명 복수(주소확인필요)
남부산우체국,7,부산돼지국밥,부산돼지국밥,2026,부산광역시 수영구 남천동로 107,051-622-4555,"돼지국밥 ₩10,000 | 순대섞어국밥 ₩10,000 | 수육(대) ₩38,000","돼지국밥 ₩10,000 | 순대섞어국밥 ₩10,000 | 수육(대) ₩38,000",11:00-20:00,10,15894478,http://place.map.kakao.com/15894478,35.14549589175241,129.11158263031086,,,,,,READY_FOR_IMAGE,kakao_verified,postoffice-nambusan-07,postoffice-nambusan-07.jpg,OFFICIAL_URL_REVIEW,kakao 동명 복수(주소확인필요)
남부산우체국,8,금강 복아구전문점,금강 복아구전문점,2026,부산광역시 수영구 남천동로9번길 62,051-623-1193,"복탕 ₩15,000 | 생밀복 ₩20,000 | 아구찜(중) ₩50,000","복탕 ₩15,000 | 생밀복 ₩20,000 | 아구찜(중) ₩50,000",11:00-21:00,10,638676502,http://place.map.kakao.com/638676502,35.1451902896209,129.111588995976,,,,,,READY_FOR_IMAGE,kakao_verified,postoffice-nambusan-08,postoffice-nambusan-08.jpg,OFFICIAL_URL_REVIEW,
부산사상우체국,1,수연이네,수연이네,2024|2025|2026,부산광역시 사상구 학장로 318-1,051-316-2788,"문어숙회 ₩29,000~ | 문어튀김 ₩39,000 | 랍스터 코스 2인 ₩95,000~","문어숙회 ₩29,000~ | 문어튀김 ₩39,000 | 랍스터 코스 2인 ₩95,000~",12:00-24:00 | 일요일 정기휴무,11,1264144799,http://place.map.kakao.com/1264144799,35.14882331183005,128.99995896376655,,,,,,READY_FOR_IMAGE,kakao_verified,postoffice-sasang-01,postoffice-sasang-01.jpg,OFFICIAL_URL_REVIEW,kakao 동명 복수(주소확인필요)
부산사상우체국,2,호포장어마을,호포장어마을,2024|2025|2026,부산광역시 사상구 광장로 28,0507-1372-0737,"민물장어구이(1인분) ₩32,000 | 바다장어구이(1인분) ₩25,000 | 민물장어 곰탕 ₩14,000","민물장어구이(1인분) ₩32,000 | 바다장어구이(1인분) ₩25,000 | 민물장어 곰탕 ₩14,000",11:30-15:00 | 15:30-21:00,11,9603663,http://place.map.kakao.com/9603663,35.1622390102004,128.97956016057,,,,,,READY_FOR_IMAGE,kakao_verified,postoffice-sasang-02,postoffice-sasang-02.jpg,OFFICIAL_URL_REVIEW,
부산사상우체국,3,설화회초밥,설화회초밥,2024|2025|2026,부산광역시 사상구 새벽로 218,051-325-7513,"회 코스 ₩35,000~","회 코스 ₩35,000~",11:30-14:30 / 16:40-22:00 | 일요일 휴무,11,10486602,http://place.map.kakao.com/10486602,35.16046444106831,128.984690086275,,,,,,READY_FOR_IMAGE,kakao_verified,postoffice-sasang-03,postoffice-sasang-03.jpg,OFFICIAL_URL_REVIEW,
부산사상우체국,4,순풍삼계탕,순풍삼계탕,2024|2025|2026,부산광역시 사상구 사상로181번길 33,051-324-6622,"삼계탕 ₩15,000 | 전복삼계탕 ₩19,000","삼계탕 ₩15,000 | 전복삼계탕 ₩19,000",10:00-22:00,11,16669936,http://place.map.kakao.com/16669936,35.1597563884913,128.985443217797,,,,,,READY_FOR_IMAGE,kakao_verified,postoffice-sasang-04,postoffice-sasang-04.jpg,OFFICIAL_URL_REVIEW,
부산사상우체국,5,첨단돌솥감자탕 엄궁점,첨단돌솥감자탕 엄궁점,2026,부산광역시 사상구 낙동대로 784-13 휴그린아파트 상가 201호,051-321-5080,"파지감자탕(소) ₩37,000 | 매운뼈찜(소) ₩36,000 | 파지돌솥뼈해장국 ₩12,000","파지감자탕(소) ₩37,000 | 매운뼈찜(소) ₩36,000 | 파지돌솥뼈해장국 ₩12,000",09:00-22:00 | 월요일 휴무,12,,,,,,,,,,REVIEW,kakao_no_match,,,OFFICIAL_URL_REVIEW,kakao 미매칭
부산사상우체국,6,밥짓는부엌 한식뷔페,밥짓는부엌 한식뷔페,2026,부산광역시 사상구 학감대로 222번길 67,051-311-7469,"1인 ₩8,000 (매일 바뀌는 신선한 오늘의 반찬과 다양한 사이드 메뉴)","1인 ₩8,000 (매일 바뀌는 신선한 오늘의 반찬과 다양한 사이드 메뉴)",11:00-14:00 | 일요일 휴무,12,1010027728,http://place.map.kakao.com/1010027728,35.1511951787102,128.99334587443,,,,,,READY_FOR_IMAGE,kakao_verified,postoffice-sasang-06,postoffice-sasang-06.jpg,OFFICIAL_URL_REVIEW,kakao 동명 복수(주소확인필요)
부산금정우체국,1,대박손칼국수,대박손칼국수,2026,"부산광역시 금정구 수림로20번길 21, 천호빌딩 1층",051-515-5295,"칼국수 ₩7,000 | 얼큰칼국수 ₩7,000 | 들깨칼국수 ₩7,500","칼국수 ₩7,000 | 얼큰칼국수 ₩7,000 | 들깨칼국수 ₩7,500",10:30-19:30 | 토요일 휴무,13,24574146,http://place.map.kakao.com/24574146,35.2406506717372,129.090208503656,,,,,,READY_FOR_IMAGE,kakao_verified,postoffice-geumjeong-01,postoffice-geumjeong-01.jpg,OFFICIAL_URL_REVIEW,
부산금정우체국,2,유림정,유림정,2024|2025|2026,부산광역시 금정구 상현로79번길 26,051-518-1189,"한우모듬(150g) ₩31,500 | 한우특선(140g) ₩35,000","한우모듬(150g) ₩31,500 | 한우특선(140g) ₩35,000",12:00-20:30 | 19:30 라스트오더 | 화요일 정기휴무,13,19375448,http://place.map.kakao.com/19375448,35.26710952761,129.113984213822,,,,,,READY_FOR_IMAGE,kakao_verified,postoffice-geumjeong-02,postoffice-geumjeong-02.jpg,OFFICIAL_URL_REVIEW,
부산금정우체국,3,북문국수,북문국수,2024|2025|2026,부산광역시 금정구 북문로 53,051-517-6626,"촌국수 ₩6,000 | 비빔국수 ₩8,000 | 해물파전 ₩15,000","촌국수 ₩6,000 | 비빔국수 ₩8,000 | 해물파전 ₩15,000",11:00-16:00,13,15713974,http://place.map.kakao.com/15713974,35.2534917867087,129.053709103342,,,,,,READY_FOR_IMAGE,kakao_verified,postoffice-geumjeong-03,postoffice-geumjeong-03.jpg,OFFICIAL_URL_REVIEW,
부산금정우체국,4,LAB 이흥용과자점 두실점,LAB 이흥용과자점 두실점,2026,부산광역시 금정구 금단로 80 LAB 이흥용과자점,051-581-1995,"저온숙성느림보(L) ₩5,100 | 명장전병종합1호 ₩15,200 | 명장카스테라 ₩17,500","저온숙성느림보(L) ₩5,100 | 명장전병종합1호 ₩15,200 | 명장카스테라 ₩17,500",(1층) 08:00-21:00 | (3층) 09:00-21:00 | 20:30 라스트 오더,13,,,,,,,,,,REVIEW,kakao_no_match,,,OFFICIAL_URL_REVIEW,kakao 미매칭
부산금정우체국,5,국수가,국수가,2024|2025|2026,부산광역시 금정구 수림로20번길 9,051-514-8118,"물국수 ₩6,000 | 칼국수 ₩7,000 | 추어탕 ₩9,000","물국수 ₩6,000 | 칼국수 ₩7,000 | 추어탕 ₩9,000",11:00-15:00 / 17:00-20:00 | 일요일 휴무,14,16217388,http://place.map.kakao.com/16217388,35.2401428785413,129.09018228818093,,,,,,READY_FOR_IMAGE,kakao_verified,postoffice-geumjeong-05,postoffice-geumjeong-05.jpg,OFFICIAL_URL_REVIEW,kakao 동명 복수(주소확인필요)
부산금정우체국,6,강명장요리가,강명장요리가,2025|2026,"부산광역시 금정구 수림로20번길 36, 주1동 109호",051-516-8990,"초밥세트 ₩22,000/\30,000 | 명장런치코스 ₩45,000 | 명장디너코스 ₩60,000","초밥세트 ₩22,000/\30,000 | 명장런치코스 ₩45,000 | 명장디너코스 ₩60,000",11:00-15:00 / 17:00-22:00(주말 브레이크타임 없음) | 21:00 라스트오더,14,,,,,,,,,,REVIEW,kakao_no_match,,,OFFICIAL_URL_REVIEW,kakao 미매칭
부산사하우체국,1,해주냉면,해주냉면,2025|2026,부산광역시 사하구 낙동대로324번길 5,051-291-4841,"비빔냉면 ₩12,000 | 물냉면 ₩12,000 | 물밀면 ₩9,000 | 밀비빔 ₩9,000","비빔냉면 ₩12,000 | 물냉면 ₩12,000 | 물밀면 ₩9,000 | 밀비빔 ₩9,000",11:00-18:30 | 월요일 정기휴무,15,21295360,http://place.map.kakao.com/21295360,35.1006494109164,128.981723291788,,,,,,READY_FOR_IMAGE,kakao_verified,postoffice-saha-01,postoffice-saha-01.jpg,OFFICIAL_URL_REVIEW,
부산사하우체국,2,남해영양보리밥,남해영양보리밥,2024|2025|2026,부산광역시 사하구 제석로18번길 70,051-206-6336,"영양보리밥 ₩7,000","영양보리밥 ₩7,000",11:00-20:00,15,1263759699,http://place.map.kakao.com/1263759699,35.10247760389261,128.9746200573697,,,,,,READY_FOR_IMAGE,kakao_verified,postoffice-saha-02,postoffice-saha-02.jpg,OFFICIAL_URL_REVIEW,
부산사하우체국,3,한우지존,한우지존,2025|2026,부산광역시 사하구 장림로184번길 25,010-4553-6590,"등심(100g) ₩12,000 | 생갈비(100g) ₩12,000 | 꽃살(100g) ₩18,000","등심(100g) ₩12,000 | 생갈비(100g) ₩12,000 | 꽃살(100g) ₩18,000",12:00-22:00 | 월요일 휴무,15,653379672,http://place.map.kakao.com/653379672,35.0813600912049,128.968635968083,,,,,,READY_FOR_IMAGE,kakao_verified,postoffice-saha-03,postoffice-saha-03.jpg,OFFICIAL_URL_REVIEW,
부산사하우체국,4,화반,화반,2026,부산광역시 사하구 낙동대로 516번길 55,0507-1303-8727,"비빔밥+된장(김치)찌개 ₩10,900 | 제육두루치기(200g)+찌개 ₩12,900","비빔밥+된장(김치)찌개 ₩10,900 | 제육두루치기(200g)+찌개 ₩12,900",10:30-15:30 / 16:30-20:00,15,1568379577,http://place.map.kakao.com/1568379577,35.1133502174751,128.965707216297,,,,,,READY_FOR_IMAGE,kakao_verified,postoffice-saha-04,postoffice-saha-04.jpg,OFFICIAL_URL_REVIEW,kakao 동명 복수(주소확인필요)
해운대우체국,1,해운대 하선집,해운대 하선집,2024|2025|2026,"부산광역시 해운대구 좌동순환로 395, 1층",0507-1340-1139,"양념돼지갈비(250g) ₩23,000 | 생돼지갈비(180g) ₩23,000 | (점심특선)한우육회비빔밥 ₩15,000","양념돼지갈비(250g) ₩23,000 | 생돼지갈비(180g) ₩23,000 | (점심특선)한우육회비빔밥 ₩15,000",11:00-22:00 | 21:00 라스트오더,16,1267052758,http://place.map.kakao.com/1267052758,35.162185059101525,129.17733769647893,,,,,,READY_FOR_IMAGE,kakao_verified,postoffice-haeundae-01,postoffice-haeundae-01.jpg,OFFICIAL_URL_REVIEW,kakao 동명 복수(주소확인필요)
해운대우체국,2,송정횟집,송정횟집,2025|2026,부산광역시 해운대구 송정중앙로33번길 10,0507-1495-1085,"모듬회 ₩45,000~ | 고급모듬회 ₩53,000~ | 제철회 시세에 따라 다름","모듬회 ₩45,000~ | 고급모듬회 ₩53,000~ | 제철회 시세에 따라 다름",16:00-23:00 | 21:30 라스트오더 | 수요일 휴무,16,1300768661,http://place.map.kakao.com/1300768661,35.1826832201469,129.204425715884,,,,,,READY_FOR_IMAGE,kakao_verified,postoffice-haeundae-02,postoffice-haeundae-02.jpg,OFFICIAL_URL_REVIEW,
해운대우체국,3,꽃도새기 센텀점,꽃도새기 센텀점,2025|2026,부산광역시 해운대구 해운대로 173,051-784-2223,"꽃삼겹(120g) ₩11,900 | 꽃목살(120g) ₩11,900 | 양념목살(200g) ₩11,900","꽃삼겹(120g) ₩11,900 | 꽃목살(120g) ₩11,900 | 양념목살(200g) ₩11,900",11:30-23:00,17,542359032,http://place.map.kakao.com/542359032,35.1821575543398,129.1231173627975,,,,,,READY_FOR_IMAGE,kakao_verified,postoffice-haeundae-03,postoffice-haeundae-03.jpg,OFFICIAL_URL_REVIEW,
해운대우체국,4,방갈로끝집,방갈로끝집,2024|2025|2026,부산광역시 해운대구 청사포로128번길 66,051-704-1198,"조개구이 ₩45,000~ | 장어구이 ₩45,000~","조개구이 ₩45,000~ | 장어구이 ₩45,000~",12:00-06:00 | 연중무휴,17,18424364,http://place.map.kakao.com/18424364,35.1600456059009,129.189092026283,,,,,,READY_FOR_IMAGE,kakao_verified,postoffice-haeundae-04,postoffice-haeundae-04.jpg,OFFICIAL_URL_REVIEW,
해운대우체국,5,윤가네 신토불이보쌈,윤가네 신토불이보쌈,2024|2025|2026,부산광역시 해운대구 구남로29번길 35,0507-1425-1441,"보쌈+쟁반국수 ₩41,000~","보쌈+쟁반국수 ₩41,000~",11:00-20:50 | 수요일 휴무,17,10605895,http://place.map.kakao.com/10605895,35.16281291511996,129.16216281194465,,,,,,READY_FOR_IMAGE,kakao_verified,postoffice-haeundae-05,postoffice-haeundae-05.jpg,OFFICIAL_URL_REVIEW,
해운대우체국,6,충무김밥 김치수제비,충무김밥 김치수제비,2024|2025|2026,부산광역시 해운대구 중동1로 15-1,051-747-7383,"충무김밥 ₩7,000 | 김치수제비 ₩7,000","충무김밥 ₩7,000 | 김치수제비 ₩7,000",09:00-20:00,17,9463372,http://place.map.kakao.com/9463372,35.1636509725908,129.1614058784769,,,,,,READY_FOR_IMAGE,kakao_verified,postoffice-haeundae-06,postoffice-haeundae-06.jpg,OFFICIAL_URL_REVIEW,
해운대우체국,7,비안리안,비안리안,2025|2026,"부산광역시 해운대구 재반로 96-17, 1층",010-4044-3152,"매운오향장육 ₩28,000 | 비안리안탕수육 ₩25,000 | 가지만두 ₩12,000","매운오향장육 ₩28,000 | 비안리안탕수육 ₩25,000 | 가지만두 ₩12,000",17:30-23:00 | 월요일 휴무,18,1980103217,http://place.map.kakao.com/1980103217,35.187048998635,129.126094220352,,,,,,READY_FOR_IMAGE,kakao_verified,postoffice-haeundae-07,postoffice-haeundae-07.jpg,OFFICIAL_URL_REVIEW,
해운대우체국,8,그집한우,그집한우,2026,부산광역시 해운대구 중동1로19번길 12,0507-1410-6306,"갈비살(100g) ₩15,900 | 등심(100g) ₩17,900 | 육회(100g) ₩20,000","갈비살(100g) ₩15,900 | 등심(100g) ₩17,900 | 육회(100g) ₩20,000",13:00-22:00,18,1116729068,http://place.map.kakao.com/1116729068,35.1634223457594,129.162451091936,,,,,,READY_FOR_IMAGE,kakao_verified,postoffice-haeundae-08,postoffice-haeundae-08.jpg,OFFICIAL_URL_REVIEW,
부산진우체국,1,당감우체국카페,당감우체국카페,2026,부산광역시 부산진구 당감로10번길 13,0507-2085-4988,"연탄빵 ₩5,800 | 에그인헬 ₩11,900 | 함박스테이크 ₩13,900","연탄빵 ₩5,800 | 에그인헬 ₩11,900 | 함박스테이크 ₩13,900",09:30-22:00 | 화요일 정기휴무,19,1116758841,http://place.map.kakao.com/1116758841,35.1628737229431,129.040568051848,,,,,,READY_FOR_IMAGE,kakao_verified,postoffice-busanjin-01,postoffice-busanjin-01.jpg,OFFICIAL_URL_REVIEW,
부산진우체국,2,대성각,대성각,2024|2025|2026,부산광역시 부산진구 가야대로587번길 10,051-891-4544,"짜장면 ₩7,000 | 짬뽕 ₩8,000 | 탕수육 ₩22,000~","짜장면 ₩7,000 | 짬뽕 ₩8,000 | 탕수육 ₩22,000~",11:00-21:00 | 화요일 휴무,19,1715419634,http://place.map.kakao.com/1715419634,35.1552949428352,129.036176157654,,,,,,READY_FOR_IMAGE,kakao_verified,postoffice-busanjin-02,postoffice-busanjin-02.jpg,OFFICIAL_URL_REVIEW,kakao 동명 복수(주소확인필요)
부산진우체국,3,조방낙지 가야점,조방낙지 가야점,2024|2025|2026,부산광역시 부산진구 가야대로 597,051-895-0076,"낙지볶음 ₩11,000 | 낙곱새볶음 ₩12,000","낙지볶음 ₩11,000 | 낙곱새볶음 ₩12,000",10:30-23:00,19,26884360,http://place.map.kakao.com/26884360,35.15512992727796,129.03725395466518,,,,,,READY_FOR_IMAGE,kakao_verified,postoffice-busanjin-03,postoffice-busanjin-03.jpg,OFFICIAL_URL_REVIEW,
부산진우체국,4,심청이왕족발,심청이왕족발,2024|2025|2026,부산광역시 부산진구 가야대로588번길 14,051-896-5357,"차가운 옛날족발 ₩27,000~ | 심청이 족발 ₩27,000~","차가운 옛날족발 ₩27,000~ | 심청이 족발 ₩27,000~",15:00-23:00 | 일요일 휴무,19,1953683526,http://place.map.kakao.com/1953683526,35.1540369613871,129.035798068665,,,,,,READY_FOR_IMAGE,kakao_verified,postoffice-busanjin-04,postoffice-busanjin-04.jpg,OFFICIAL_URL_REVIEW,
부산진우체국,5,연돼지국밥,연돼지국밥,2024|2025|2026,부산광역시 부산진구 범일로192번길 33,0507-1301-1376,"돼지국밥 ₩9,000 | 순대국밥 ₩9,000 | 모듬국밥 ₩10,000","돼지국밥 ₩9,000 | 순대국밥 ₩9,000 | 모듬국밥 ₩10,000",10:00-21:00 | 일요일 휴무,20,1415088420,http://place.map.kakao.com/1415088420,35.1468292204556,129.061649642976,,,,,,READY_FOR_IMAGE,kakao_verified,postoffice-busanjin-05,postoffice-busanjin-05.jpg,OFFICIAL_URL_REVIEW,
부산진우체국,6,왕짜장,왕짜장,2024|2025|2026,부산광역시 부산진구 진남로 505,051-852-0362,,,10:00-20:00,20,16731631,http://place.map.kakao.com/16731631,35.1692287569169,129.070928893434,,,,,,READY_FOR_IMAGE,kakao_verified,postoffice-busanjin-06,postoffice-busanjin-06.jpg,OFFICIAL_URL_REVIEW,kakao 동명 복수(주소확인필요)
부산진우체국,7,하이까눌레,하이까눌레,2024|2025|2026,"부산광역시 부산진구 동천로 36, 1층",0507-1393-5830,"까눌레 선물세트(4구) ₩12,800 | 까눌레 선물세트(8구) ₩24,000","까눌레 선물세트(4구) ₩12,800 | 까눌레 선물세트(8구) ₩24,000",12:30-16:30 | 토·일요일 휴무,20,1395960900,http://place.map.kakao.com/1395960900,35.151802111849605,129.06253330580807,,,,,,READY_FOR_IMAGE,kakao_verified,postoffice-busanjin-07,postoffice-busanjin-07.jpg,OFFICIAL_URL_REVIEW,
부산진우체국,8,부자집생고기,부자집생고기,2026,부산광역시 부산진구 월드컵대로472번길 64,0507-1459-5682,,,16:00-22:00 (주말 14:00~) | 20:30 라스트오더 | 월요일 휴무,20,1521889363,http://place.map.kakao.com/1521889363,35.1849160545602,129.048473519174,,,,,,READY_FOR_IMAGE,kakao_verified,postoffice-busanjin-08,postoffice-busanjin-08.jpg,OFFICIAL_URL_REVIEW,
북부산우체국,1,바보엄마칼국수,바보엄마칼국수,2025|2026,부산광역시 북구 화명대로12번길 91,051-362-3690,"사골칼국수 ₩5,500 | 들깨칼국수 ₩6,500 | 쭈꾸미비빔밥 ₩8,500","사골칼국수 ₩5,500 | 들깨칼국수 ₩6,500 | 쭈꾸미비빔밥 ₩8,500",07:00-20:00 (토·일요일 10:40-21:00),21,729277084,http://place.map.kakao.com/729277084,35.23084434156769,129.0089766794398,,,,,,READY_FOR_IMAGE,kakao_verified,postoffice-bukbusan-01,postoffice-bukbusan-01.jpg,OFFICIAL_URL_REVIEW,
북부산우체국,2,소설가,소설가,2026,부산광역시 북구 용당로20번길 1,051-362-0555,,,11:00-22:00 | 21:00 라스트오더,21,158216113,http://place.map.kakao.com/158216113,35.2319755428651,129.008039160011,,,,,,READY_FOR_IMAGE,kakao_verified,postoffice-bukbusan-02,postoffice-bukbusan-02.jpg,OFFICIAL_URL_REVIEW,
북부산우체국,3,윤가네산오징어,윤가네산오징어,2024|2025|2026,부산광역시 북구 만덕대로16번길 24,010-6787-2642,"먹통 ₩50,000/\60,000/\70,000 | 낙지 ₩30,000/\40,000 | 해물모듬 ₩40,000/\50,000","먹통 ₩50,000/\60,000/\70,000 | 낙지 ₩30,000/\40,000 | 해물모듬 ₩40,000/\50,000",16:00-01:00 | 오징어 없는날 휴무,22,15837083,http://place.map.kakao.com/15837083,35.2094096233223,129.007162566425,,,,,,READY_FOR_IMAGE,kakao_verified,postoffice-bukbusan-03,postoffice-bukbusan-03.jpg,OFFICIAL_URL_REVIEW,
북부산우체국,4,금용만두,금용만두,2024|2025|2026,부산광역시 북구 구포만세길 75,051-337-8868,"군만두 ₩8,000 | 찐만두 ₩8,000 | 만두국밥 ₩8,000","군만두 ₩8,000 | 찐만두 ₩8,000 | 만두국밥 ₩8,000",10:30-20:30,22,8792300,http://place.map.kakao.com/8792300,35.205463165525906,128.9966622638993,,,,,,READY_FOR_IMAGE,kakao_verified,postoffice-bukbusan-04,postoffice-bukbusan-04.jpg,OFFICIAL_URL_REVIEW,
북부산우체국,5,첸차이나,첸차이나,2024|2025|2026,부산광역시 북구 효열로219번가길 42,051-343-7778,"짜짱면 ₩7,000 | 짬뽕 ₩9,500 | 간짜장 ₩9,000 | 탕수육 ₩19,000","짜짱면 ₩7,000 | 짬뽕 ₩9,500 | 간짜장 ₩9,000 | 탕수육 ₩19,000",11:00-15:00 / 17:00-20:30 (주말 브레이크타임 없음) | 일요일 휴무,22,491752023,http://place.map.kakao.com/491752023,35.26352631754734,129.01701413689906,,,,,,READY_FOR_IMAGE,kakao_verified,postoffice-bukbusan-05,postoffice-bukbusan-05.jpg,OFFICIAL_URL_REVIEW,
북부산우체국,6,아낙촌,아낙촌,2025|2026,부산광역시 북구 만덕3로 46,0507-1310-0342,"불향쭈꾸미삼겹살(2인분) ₩40,000 | 통낙지불고기전골 ₩38,000 | 낙지볶음(1인) ₩12,000","불향쭈꾸미삼겹살(2인분) ₩40,000 | 통낙지불고기전골 ₩38,000 | 낙지볶음(1인) ₩12,000",11:00-15:00 / 16:30-21:00 | 20:30 라스트오더 | 월요일 휴무,22,1029695066,http://place.map.kakao.com/1029695066,35.211599794610954,129.0287072687547,,,,,,READY_FOR_IMAGE,kakao_verified,postoffice-bukbusan-06,postoffice-bukbusan-06.jpg,OFFICIAL_URL_REVIEW,
북부산우체국,7,숙향,숙향,2024|2025|2026,부산광역시 북구 덕천로 217-1,051-337-5635,"생오리양념구이 ₩43,000 | 생오리구이 ₩40,000 | 한방오리백숙 ₩50,000","생오리양념구이 ₩43,000 | 생오리구이 ₩40,000 | 한방오리백숙 ₩50,000",11:00-14:00 | 17:00-20:00,23,16869220,http://place.map.kakao.com/16869220,35.2108087090204,129.02810782512,,,,,,READY_FOR_IMAGE,kakao_verified,postoffice-bukbusan-07,postoffice-bukbusan-07.jpg,OFFICIAL_URL_REVIEW,kakao 동명 복수(주소확인필요)
북부산우체국,8,가마솥추어탕,가마솥추어탕,2024|2025|2026,부산광역시 북구 산성로 75-5,051-332-5343,,,08:00-20:00 (매장식사 10:30부터 가능) | 매주 월요일 휴무,23,16401309,http://place.map.kakao.com/16401309,35.2606146617008,129.090519063874,,,,,,REVIEW,kakao_gu_mismatch,,,OFFICIAL_URL_REVIEW,kakao 동명 복수(주소확인필요)
부산연제우체국,1,팔팔연제장어,팔팔연제장어,2024|2025|2026,부산광역시 연제구 황새알로 21-1,051-507-5244,"민물장어구이(1인분) ₩32,000 | 바다장어구이 ₩23,000 | 장어추어탕 ₩12,000","민물장어구이(1인분) ₩32,000 | 바다장어구이 ₩23,000 | 장어추어탕 ₩12,000",11:00-15:30 | 16:30-21:30 | 20:00 라스트오더 | 2·4주 일요일 휴무,24,91948145,http://place.map.kakao.com/91948145,35.1940969366645,129.074936860493,,,,,,READY_FOR_IMAGE,kakao_verified,postoffice-yeonje-01,postoffice-yeonje-01.jpg,OFFICIAL_URL_REVIEW,
부산연제우체국,2,차애전할매칼국수,차애전할매칼국수,2026,부산광역시 연제구 과정로191번가길 70,051-751-9639,"칼국수 ₩7,000~ | 비빔칼국수 ₩8,500~ | 맛비빔 ₩7,000 | 콩칼국수 ₩9,000","칼국수 ₩7,000~ | 비빔칼국수 ₩8,500~ | 맛비빔 ₩7,000 | 콩칼국수 ₩9,000","09:00-15:30 (2,4주 목요일 19:00까지) | 1·3·5주 일요일 휴무",24,10927442,http://place.map.kakao.com/10927442,35.098341365805,128.991680845513,,,,,,REVIEW,kakao_gu_mismatch,,,OFFICIAL_URL_REVIEW,
부산연제우체국,3,쏘이472,쏘이472,2024|2025|2026,"부산광역시 동래구 아시아드대로134번길 14, 상가 103호",051-907-4720,"팟타이 ₩11,000 | 팟카파오 무쌈 ₩9,000 | 카오팟 탈래 ₩9,000","팟타이 ₩11,000 | 팟카파오 무쌈 ₩9,000 | 카오팟 탈래 ₩9,000",11:30-15:00 | 17:00-21:00 | 화요일 휴무,24,1004468974,http://place.map.kakao.com/1004468974,35.195660141689,129.067211818557,,,,,,READY_FOR_IMAGE,kakao_verified,postoffice-yeonje-03,postoffice-yeonje-03.jpg,OFFICIAL_URL_REVIEW,
부산연제우체국,4,큰바위횟집,큰바위횟집,2026,부산광역시 연제구 법원로32번길19 다성빌딩 1층,0507-1395-1617,"전복영양솥밥 ₩15,000 | 도다리쑥국 ₩20,000 | 모듬회(소) ₩59,000","전복영양솥밥 ₩15,000 | 도다리쑥국 ₩20,000 | 모듬회(소) ₩59,000",11:00-22:00 (토 12:00-21:00) | 20:30 라스트오더 | 일요일 휴무,24,8567679,http://place.map.kakao.com/8567679,35.19128160822747,129.07525934213896,,,,,,READY_FOR_IMAGE,kakao_verified,postoffice-yeonje-04,postoffice-yeonje-04.jpg,OFFICIAL_URL_REVIEW,
부산연제우체국,5,만포장회전문점,만포장회전문점,2024|2025|2026,부산광역시 연제구 법원북로3번길 15,051-503-6865,"회덮밥 ₩12,000 | 물회 ₩15,000 | 모듬회(소) ₩50,000 | 고급모듬회(소) ₩60,000","회덮밥 ₩12,000 | 물회 ₩15,000 | 모듬회(소) ₩50,000 | 고급모듬회(소) ₩60,000",11:30-22:00 | 일요일 휴무,25,9767286,http://place.map.kakao.com/9767286,35.193886123532714,129.06729639795645,,,,,,READY_FOR_IMAGE,kakao_verified,postoffice-yeonje-05,postoffice-yeonje-05.jpg,OFFICIAL_URL_REVIEW,
부산연제우체국,6,콤파운드,콤파운드,2026,"부산광역시 연제구 교대로24번길 20, 102호",0507-1413-2423,"마시멜로케잌 ₩8,000 | 레몬치즈파운드 ₩3,000 | 휘낭시에세트(3구) ₩11,000","마시멜로케잌 ₩8,000 | 레몬치즈파운드 ₩3,000 | 휘낭시에세트(3구) ₩11,000",11:00-20:00 (토 ~17:00) | 일요일 휴무,25,875394409,http://place.map.kakao.com/875394409,35.19629447673838,129.07690296561125,,,,,,READY_FOR_IMAGE,kakao_verified,postoffice-yeonje-06,postoffice-yeonje-06.jpg,OFFICIAL_URL_REVIEW,
동부산우체국,1,좋은집,좋은집,2025|2026,"부산광역시 동구 조방로 10, 1층 코리아시티관광호텔",051-631-7500,"대패삼겹살(90g) ₩3,900 | 꽃삼겹한판(500g) ₩27,500 | 제주흑돼지오겹살(100g) ₩10,000","대패삼겹살(90g) ₩3,900 | 꽃삼겹한판(500g) ₩27,500 | 제주흑돼지오겹살(100g) ₩10,000",11:00-23:00,26,1272733952,http://place.map.kakao.com/1272733952,35.1380258479287,129.063549247394,,,,,,READY_FOR_IMAGE,kakao_verified,postoffice-dongbusan-01,postoffice-dongbusan-01.jpg,OFFICIAL_URL_REVIEW,kakao 동명 복수(주소확인필요)
동부산우체국,2,명가,명가,2024|2025|2026,부산광역시 동구 부산진성공원로 23-9,051-644-0079,"감자탕 ￦25,000/\35,000 | 김치찌개 ₩7,000 | 동태탕 ₩8,000","감자탕 ￦25,000/\35,000 | 김치찌개 ₩7,000 | 동태탕 ₩8,000",10:00-22:00,26,7995054,http://place.map.kakao.com/7995054,35.159306252834114,129.05749075401815,,,,,,REVIEW,kakao_gu_mismatch,,,OFFICIAL_URL_REVIEW,kakao 동명 복수(주소확인필요)
동부산우체국,3,감포참가자미,감포참가자미,2024|2025|2026,부산광역시 동구 범일로102번길 16-20,0507-1309-3187,"회정식(점심 한정) ₩30,000 | 참가자미물회 ₩20,000 | 코스요리(1인) ₩40,000~","회정식(점심 한정) ₩30,000 | 참가자미물회 ₩20,000 | 코스요리(1인) ₩40,000~",11:00-15:00 / 17:00-22:00 | 연중무휴,26,1919080146,http://place.map.kakao.com/1919080146,35.187779537928414,129.0819353964861,,,,,,REVIEW,kakao_gu_mismatch,,,OFFICIAL_URL_REVIEW,kakao 동명 복수(주소확인필요)
동부산우체국,4,마파람해물찜해물탕,마파람해물찜해물탕,2026,부산광역시 동구 범일로90번길 9,051-631-9559,"해물찜 ₩60,000 | 해물탕 ₩65,000 | 대구뽈찜 ₩45,000","해물찜 ₩60,000 | 해물탕 ₩65,000 | 대구뽈찜 ₩45,000",11:00-15:00 / 17:00-22:30 (주말 브레이크타임 없음),26,1741111954,http://place.map.kakao.com/1741111954,35.1381389482764,129.06061094466435,,,,,,READY_FOR_IMAGE,kakao_verified,postoffice-dongbusan-04,postoffice-dongbusan-04.jpg,OFFICIAL_URL_REVIEW,kakao 동명 복수(주소확인필요)
동부산우체국,5,수미식당,수미식당,2024|2025|2026,부산광역시 동구 고관로 109-9,051-467-9509,,,11:30-21:30,27,9155598,http://place.map.kakao.com/9155598,35.12883713887506,129.04609467519035,,,,,,READY_FOR_IMAGE,kakao_verified,postoffice-dongbusan-05,postoffice-dongbusan-05.jpg,OFFICIAL_URL_REVIEW,kakao 동명 복수(주소확인필요)
동부산우체국,6,용궁횟집,용궁횟집,2026,부산광역시 동구 초량중로 78,051-463-2000,"모듬회 ₩50,000~ | 점심특선 물회 ₩15,000","모듬회 ₩50,000~ | 점심특선 물회 ₩15,000",11:00-23:00 | 월요일 휴무,27,10619007,http://place.map.kakao.com/10619007,35.1093545750377,129.019729559217,,,,,,REVIEW,kakao_gu_mismatch,,,OFFICIAL_URL_REVIEW,kakao 동명 복수(주소확인필요)
부산영도우체국,1,봉래화로,봉래화로,2025|2026,"부산광역시 영도구 대교로 1, 101호",0507-1416-7930,"보석살(130g) ₩16,900 | 황제갈비살(130g) ₩14,900 | (평일런치) 보석살정식 ₩14,500","보석살(130g) ₩16,900 | 황제갈비살(130g) ₩14,900 | (평일런치) 보석살정식 ₩14,500",11:30-14:30 / 16:30-21:30 | 21:00 라스트오더,28,1972140778,http://place.map.kakao.com/1972140778,35.0926737511788,129.044243249941,,,,,,READY_FOR_IMAGE,kakao_verified,postoffice-yeongdo-01,postoffice-yeongdo-01.jpg,OFFICIAL_URL_REVIEW,
부산영도우체국,2,모디포차 1호점,모디포차 1호점,2025|2026,"부산광역시 영도구 태종로113번길 36, 1층",051-412-0958,"해물탕 ₩40,000 | 해물찜 ₩40,000 | 새우깡 ₩10,000","해물탕 ₩40,000 | 해물찜 ₩40,000 | 새우깡 ₩10,000",12:00-22:30 | 21:00 라스트오더,28,1464004388,http://place.map.kakao.com/1464004388,35.0924645092792,129.044039572275,,,,,,READY_FOR_IMAGE,kakao_verified,postoffice-yeongdo-02,postoffice-yeongdo-02.jpg,OFFICIAL_URL_REVIEW,
부산영도우체국,3,우리이모집,우리이모집,2024|2025|2026,부산광역시 영도구 감지해변길 92,010-5025-3134,"조개구이 ₩50,000~ | 해물모듬 ₩50,000~ | 장어구이 ₩60,000~","조개구이 ₩50,000~ | 해물모듬 ₩50,000~ | 장어구이 ₩60,000~",11:30-01:00 | 23:00 라스트오더 | 매달 4번째 목요일 휴무,28,27388472,http://place.map.kakao.com/27388472,35.06117328492256,129.0774269985458,,,,,,READY_FOR_IMAGE,kakao_verified,postoffice-yeongdo-03,postoffice-yeongdo-03.jpg,OFFICIAL_URL_REVIEW,
부산영도우체국,4,육미당찬,육미당찬,2026,"부산광역시 영도구 태종로 75, 1층",0507-1485-2434,"시그니처(평일 저녁,주말) ₩18,900 | 프리미엄(평일 저녁,주말) ₩23,900","시그니처(평일 저녁,주말) ₩18,900 | 프리미엄(평일 저녁,주말) ₩23,900",11:00-23:30 | 1·3주 월요일 휴무,28,1812651304,http://place.map.kakao.com/1812651304,35.0925891651239,129.039474952717,,,,,,READY_FOR_IMAGE,kakao_verified,postoffice-yeongdo-04,postoffice-yeongdo-04.jpg,OFFICIAL_URL_REVIEW,
부산영도우체국,5,등대횟집,등대횟집,2024|2025|2026,부산광역시 영도구 남항로31번길 29,051-412-2278,"모듬회 ₩50,000~ | 물회 ₩15,000 | 회비빔밥 ₩15,000","모듬회 ₩50,000~ | 물회 ₩15,000 | 회비빔밥 ₩15,000",10:00-22:30,29,23612298,http://place.map.kakao.com/23612298,35.0903062853197,129.040450902668,,,,,,READY_FOR_IMAGE,kakao_verified,postoffice-yeongdo-05,postoffice-yeongdo-05.jpg,OFFICIAL_URL_REVIEW,
부산영도우체국,6,장어마을,장어마을,2024|2025|2026,부산광역시 영도구 절영로13번길 2,051-417-3019,"장어구이 ₩40,000/\50,000/\60,000 | 장어정식 ₩20,000 | 장어탕 ₩15,000","장어구이 ₩40,000/\50,000/\60,000 | 장어정식 ₩20,000 | 장어탕 ₩15,000",11:00-21:00 | 일요일·공휴일 휴무,29,618407940,http://place.map.kakao.com/618407940,35.092950852547865,129.04031286765917,,,,,,READY_FOR_IMAGE,kakao_verified,postoffice-yeongdo-06,postoffice-yeongdo-06.jpg,OFFICIAL_URL_REVIEW,kakao 동명 복수(주소확인필요)
부산강서우체국,1,고귀관,고귀관,2024|2025|2026,부산광역시 강서구 대저중앙로 399,0507-1311-9299,"고세트(2인/500g) ₩49,000 | 귀세트(4인/950g) ₩89,000 | (점심특선)돼지갈비정식 ₩15,000","고세트(2인/500g) ₩49,000 | 귀세트(4인/950g) ₩89,000 | (점심특선)돼지갈비정식 ₩15,000",11:00-15:00 / 17:00-22:00 (주말 브레이크타임 없음) | 21:00 라스트오더,30,802014363,http://place.map.kakao.com/802014363,35.2206256670828,128.990677523311,,,,,,READY_FOR_IMAGE,kakao_verified,postoffice-gangseo-01,postoffice-gangseo-01.jpg,OFFICIAL_URL_REVIEW,
부산강서우체국,2,공항족발,공항족발,2025|2026,"부산광역시 강서구 공항앞길 12, 1층",0507-1402-1781,"삼미리앞발 ₩42,000 | 반반족발(소) ₩45,000 | (점심특선)두루치기정식 ₩12,000","삼미리앞발 ₩42,000 | 반반족발(소) ₩45,000 | (점심특선)두루치기정식 ₩12,000",11:00-14:00 / 17:00-22:00 | 20:40 라스트오더 | 일요일 휴무,30,1688432879,http://place.map.kakao.com/1688432879,35.1802620269846,128.954183242134,,,,,,READY_FOR_IMAGE,kakao_verified,postoffice-gangseo-02,postoffice-gangseo-02.jpg,OFFICIAL_URL_REVIEW,
부산강서우체국,3,다금정,다금정,2025|2026,부산광역시 강서구 공항로811번길 42,051-973-4773,"불낙전골 ₩11,000 | 두루치기 ₩11,000 | 생삼겹살(130g) ₩11,000","불낙전골 ₩11,000 | 두루치기 ₩11,000 | 생삼겹살(130g) ₩11,000",07:00-22:00,30,743075558,http://place.map.kakao.com/743075558,35.1803089427942,128.955631040967,,,,,,READY_FOR_IMAGE,kakao_verified,postoffice-gangseo-03,postoffice-gangseo-03.jpg,OFFICIAL_URL_REVIEW,
부산강서우체국,4,시골추어탕,시골추어탕,2024|2025|2026,부산광역시 강서구 대저로3번길 163,051-972-4817,"추어탕 ₩9,000 | 미꾸라지 튀김 ₩10,000","추어탕 ₩9,000 | 미꾸라지 튀김 ₩10,000",11:00-20:00 | 일요일 휴무,30,16493498,http://place.map.kakao.com/16493498,35.1836933679435,129.080854232875,,,,,,REVIEW,kakao_gu_mismatch,,,OFFICIAL_URL_REVIEW,kakao 동명 복수(주소확인필요)
부산강서우체국,5,주화횟집,주화횟집,2026,부산광역시 강서구 화전산단4로30번길 6,051-941-9288,"주화모듬회 ₩50,000~ | 물회 ₩15,000 | 회비빔밥 ₩12,000","주화모듬회 ₩50,000~ | 물회 ₩15,000 | 회비빔밥 ₩12,000",11:00-22:00 | 2·4주 일요일 휴무,31,1791507878,http://place.map.kakao.com/1791507878,35.1107684971617,128.881269365007,,,,,,READY_FOR_IMAGE,kakao_verified,postoffice-gangseo-05,postoffice-gangseo-05.jpg,OFFICIAL_URL_REVIEW,
부산강서우체국,6,옥이감자탕,옥이감자탕,2024|2025|2026,부산광역시 강서구 화전산단4로7번길 14,051-973-8988,"우거지감자탕 ₩25,000~ | 김치감자탕 ₩28,000~","우거지감자탕 ₩25,000~ | 김치감자탕 ₩28,000~",10:00-22:00 | 1·3주 일요일 휴무,31,440993096,http://place.map.kakao.com/440993096,35.1115494645411,128.879260578865,,,,,,READY_FOR_IMAGE,kakao_verified,postoffice-gangseo-06,postoffice-gangseo-06.jpg,OFFICIAL_URL_REVIEW,
부산강서우체국,7,복오네,복오네,2025|2026,부산광역시 강서구 대저중앙로 61-7,051-972-5245,"밀복 ₩13,000 | 복수육 ₩40,000~ | 왕대구탕 ₩10,000","밀복 ₩13,000 | 복수육 ₩40,000~ | 왕대구탕 ₩10,000",10:00-20:00 (토·일 ~15:00),31,1387540824,http://place.map.kakao.com/1387540824,35.2181573298303,128.954131676576,,,,,,READY_FOR_IMAGE,kakao_verified,postoffice-gangseo-07,postoffice-gangseo-07.jpg,OFFICIAL_URL_REVIEW,
부산강서우체국,8,뒷고기 상회,뒷고기 상회,2025|2026,부산광역시 강서구 명지국제5로 148번길 16-8,0507-1383-9533,"뒷고기(120g) ₩7,000 | 뒷통(120g) ₩9,000 | 생삼겹살(120g) ₩10,000","뒷고기(120g) ₩7,000 | 뒷통(120g) ₩9,000 | 생삼겹살(120g) ₩10,000",15:00-24:00,31,1733812790,http://place.map.kakao.com/1733812790,35.1063311643583,128.922830065405,,,,,,READY_FOR_IMAGE,kakao_verified,postoffice-gangseo-08,postoffice-gangseo-08.jpg,OFFICIAL_URL_REVIEW,
기장우체국,1,가마솥생복집,가마솥생복집,2024|2025|2026,부산광역시 기장군 기장읍 차성로 327-2,051-722-2995,"생밀복 ₩23,000 | 까치복 ₩15,000 | 밀복 ₩17,000 | 복수육 ₩50,000~ | 특선요리(1인) ₩70,000","생밀복 ₩23,000 | 까치복 ₩15,000 | 밀복 ₩17,000 | 복수육 ₩50,000~ | 특선요리(1인) ₩70,000",09:00-21:00 | 월요일 휴무,32,8732558,http://place.map.kakao.com/8732558,35.2469225175914,129.213417098984,,,,,,READY_FOR_IMAGE,kakao_verified,postoffice-gijang-01,postoffice-gijang-01.jpg,OFFICIAL_URL_REVIEW,kakao 동명 복수(주소확인필요)
기장우체국,2,소달구지,소달구지,2026,부산광역시 기장군 철마면 철마로 579 소달구지 한우직판장,051-722-8886,"꽃등심·갈비살(120g) ₩27,000 | 안창·꽃살(100g) ₩34,000","꽃등심·갈비살(120g) ₩27,000 | 안창·꽃살(100g) ₩34,000",09:30-21:00,32,24012010,http://place.map.kakao.com/24012010,35.271935661661125,129.15904276182948,,,,,,READY_FOR_IMAGE,kakao_verified,postoffice-gijang-02,postoffice-gijang-02.jpg,OFFICIAL_URL_REVIEW,
기장우체국,3,한양횟집,한양횟집,2024|2025|2026,부산광역시 기장군 일광읍 문오성길 165-1,051-727-1773,"모듬회 ₩60,000~ | 아나고 ₩50,000~","모듬회 ₩60,000~ | 아나고 ₩50,000~",10:00-21:00,33,13092015,http://place.map.kakao.com/13092015,35.2866511793965,129.257658280746,,,,,,READY_FOR_IMAGE,kakao_verified,postoffice-gijang-03,postoffice-gijang-03.jpg,OFFICIAL_URL_REVIEW,
기장우체국,4,해녀조씨할매집,해녀조씨할매집,2025|2026,부산광역시 기장군 기장읍 연화1길 187,051-721-2972,"전복죽세트 2인/3인/4인 ₩55,000/\75,000/\95,000 | 전복죽 ₩12,000","전복죽세트 2인/3인/4인 ₩55,000/\75,000/\95,000 | 전복죽 ₩12,000",09:00-20:00 | 19:20 라스트오더,33,19736636,http://place.map.kakao.com/19736636,35.2183389825916,129.227556761787,,,,,,READY_FOR_IMAGE,kakao_verified,postoffice-gijang-04,postoffice-gijang-04.jpg,OFFICIAL_URL_REVIEW,
기장우체국,5,청기와 식육식당,청기와 식육식당,2024|2025|2026,부산광역시 기장군 철마면 중리1길 15-9,051-721-9192,"갈비살·꽃등심·모듬 (100g) ₩28,000 | 꽃살(100g) ₩35,000","갈비살·꽃등심·모듬 (100g) ₩28,000 | 꽃살(100g) ₩35,000",10:30-21:00 | 연중무휴,33,15409140,http://place.map.kakao.com/15409140,35.4894806117297,129.422758550262,,,,,,REVIEW,kakao_gu_mismatch,,,OFFICIAL_URL_REVIEW,
기장우체국,6,나누리생선구이,나누리생선구이,2025|2026,부산광역시 기장군 기장읍 차성동로87번길 16,051-721-2003,"고등어구이 ₩15,000 | 모듬정식 ₩15,000 | 갈치조림 ₩20,000","고등어구이 ₩15,000 | 모듬정식 ₩15,000 | 갈치조림 ₩20,000",10:30-20:30 | 2·4주 화요일 휴무,33,21724248,http://place.map.kakao.com/21724248,35.245692449879,129.215831001001,,,,,,READY_FOR_IMAGE,kakao_verified,postoffice-gijang-06,postoffice-gijang-06.jpg,OFFICIAL_URL_REVIEW,
