slug,name,is_public,area,category,db_place_id,db_address,db_phone,db_lat,db_lng,kakao_place_id,kakao_name,kakao_road_address,kakao_address,kakao_phone,kakao_lat,kakao_lng,address_status,coordinate_status,phone_status,trust_source_count,trust_source_status,recommended_action,priority,notes
2tv-bupyeong-kkang-dwaehu,깡돼후,true,남포동,고기,213124109,부산광역시 중구 부평1길 57,051-244-2019,35.1020694937165,129.025774963819,213124109,깡돼후야시장,부산 중구 부평1길 57,부산 중구 부평동2가 75-1,051-244-2019,35.102069493716535,129.02577496381926,EXACT_CURRENT,EXACT_CURRENT,,0,BROADCAST_SOURCE_MISSING,SOURCE_BACKFILL,P2,dist=0m
2tv-gumjeong-geumjukheon,금죽헌 금정산성점,true,기타,한식,,부산 금정구 산성로 531 1층,0507-1347-5448,35.2441819922083,129.056711994585,1229339566,금죽헌 금정산성점,부산 금정구 산성로 531,부산 금정구 금성동 928-2,0503-7153-6423,35.2441692502157,129.056686942073,SAME_PLACE_ADDRESS_VARIANT,EXACT_CURRENT,,0,BROADCAST_SOURCE_MISSING,SOURCE_BACKFILL,P2,Kakao 검색 id≠db_place_id(이름매칭) / dist=3m
2tv-gwangan-kuromatsu,구로마쯔,true,광안리,일식,1553493687,부산 수영구 광안해변로 189 센트럴베이호텔 3층,0507-1371-7816,35.1514786694312,129.116434385139,1553493687,구로마쯔 광안점,부산 수영구 광안해변로 189,부산 수영구 광안동 197-2,051-753-7792,35.1514786694312,129.116434385139,SAME_PLACE_ADDRESS_VARIANT,EXACT_CURRENT,,0,BROADCAST_SOURCE_MISSING,SOURCE_BACKFILL,P2,dist=0m
2tv-sasang-yeonghui-halmae-jaecheopguk,할매재첩국,true,사상,한식,1531629877,부산 사상구 낙동대로1530번길 20-15,051-301-5321,35.1932538311197,128.986217549641,1531629877,할매재첩국,부산 사상구 낙동대로1530번길 20-15,부산 사상구 삼락동 69-4,051-301-5321,35.19325383111974,128.98621754964088,EXACT_CURRENT,EXACT_CURRENT,,1,,NO_ACTION,P3,dist=0m
ansungjae-yeonje-mapobonga,마포본가,true,연제,고기,17981818,부산 연제구 월드컵대로111번길 10,,35.183981,129.082174,17981818,마포본가,부산 연제구 월드컵대로111번길 10,부산 연제구 연산동 708-9,051-867-9252,35.1839806679219,129.082174348441,EXACT_CURRENT,EXACT_CURRENT,PHONE_BACKFILL_READY,0,BROADCAST_SOURCE_MISSING,PHONE_BACKFILL,P2,dist=0m
baekban-dongnae-pajeon,동래할매파전,true,동래,한식,10305625,부산 동래구 명륜로94번길 43-10,051-567-8901,35.2045,129.0817,10305625,동래할매파전,부산 동래구 명륜로94번길 43-10,부산 동래구 복천동 367-2,0502-5551-2013,35.20456573653352,129.08384831466842,EXACT_CURRENT,SAME_PLACE_ADDRESS_VARIANT,,0,BROADCAST_SOURCE_MISSING,SOURCE_BACKFILL,P2,dist=191m
baekban-haeundae-yangs-yanggopchang,양가네 양곱창,true,해운대,고기,15897470,부산 해운대구 구남로8번길 7-3,051-741-1157,35.1615796,129.1565308,15897470,양가네양곱창,부산 수영구 감포로 106,부산 수영구 광안동 44-18,051-741-1157,35.167940650076716,129.1178399233333,ADDRESS_MISMATCH,COORDINATE_MISMATCH,,0,BROADCAST_SOURCE_MISSING,ADDRESS_FIX_REVIEW,P0,dist=3508m
baekban-namgu-chossijib,궁중해물탕 조씨집 대연본점,true,남구,해산물,11552847,부산 남구 진남로 7-11,051-627-4749,35.1355345,129.0912059,,,,,,,,PLACE_LOOKUP_FAILED,PLACE_LOOKUP_FAILED,,0,BROADCAST_SOURCE_MISSING,SOURCE_BACKFILL,P2,Kakao 매칭 실패
baekban-nampo-18-wandang,18번완당집,true,남포동,한식,26940615,부산 중구 비프광장로 31,051-245-0018,35.0988563,129.0286212,7931954,18번완당집,부산 중구 비프광장로 31,부산 중구 남포동3가 1-1,051-245-0018,35.098942419469,129.028468480826,EXACT_CURRENT,EXACT_CURRENT,,0,BROADCAST_SOURCE_MISSING,SOURCE_BACKFILL,P2,Kakao 검색 id≠db_place_id(이름매칭) / dist=17m
baekban-nampo-subok-centa,수복센타,true,남포동,한식,11128820,부산 중구 남포길 25-3,051-245-9986,35.098888,129.031431,11128820,수복센타,부산 중구 남포길 25-3,부산 중구 남포동2가 15-1,051-245-9986,35.09888829266081,129.0314310282674,EXACT_CURRENT,EXACT_CURRENT,,0,BROADCAST_SOURCE_MISSING,SOURCE_BACKFILL,P2,dist=0m
baekban-seogu-yetnal-guksujip,옛날국수집,true,기타,분식/길거리,964978610,부산 서구 까치고개로160번길 54,051-241-7454,35.099271,129.016103,964978610,옛날국수집,부산 서구 까치고개로160번길 54,부산 서구 아미동2가 91-19,051-241-7454,35.09927130462,129.016103441313,EXACT_CURRENT,EXACT_CURRENT,,0,BROADCAST_SOURCE_MISSING,SOURCE_BACKFILL,P2,dist=0m
baekban-seomyeon-marathon-jib,마라톤집,true,서면,한식,8962822,부산 부산진구 가야대로784번길 54,051-806-5914,35.1551574,129.0572166,8962822,1959마라톤,부산 부산진구 가야대로784번길 54,부산 부산진구 부전동 519-13,051-806-5914,35.1551247938841,129.057123182796,EXACT_CURRENT,EXACT_CURRENT,,0,BROADCAST_SOURCE_MISSING,SOURCE_BACKFILL,P2,dist=9m
baekban-seomyeon-masan-sikdang,마산식당,true,서면,돼지국밥,8960022,부산 부산진구 자유평화로 19,051-631-6906,35.1413883,129.0599431,8960022,마산식당,부산 부산진구 자유평화로 19,부산 부산진구 범천동 839-53,051-631-6906,35.1415327661409,129.06193292108,EXACT_CURRENT,SAME_PLACE_ADDRESS_VARIANT,,0,BROADCAST_SOURCE_MISSING,SOURCE_BACKFILL,P2,dist=177m
baekban-yeongdo-gamasot-doejigukbap,가마솥돼지국밥 영도점,true,영도,돼지국밥,15526776,부산 영도구 남항시장길 350,051-413-8609,35.0874972118328,129.044148012405,15526776,가마솥돼지국밥,부산 영도구 남항시장길 350,부산 영도구 신선동2가 37-3,051-413-8609,35.0874972118328,129.044148012405,EXACT_CURRENT,EXACT_CURRENT,,0,BROADCAST_SOURCE_MISSING,SOURCE_BACKFILL,P2,dist=0m
baekban-yeongdo-jinju-sikdang,진주식당,true,영도,한식,21319289,부산 영도구 대평로 16,051-412-6799,35.0916371,129.0342407,21319289,진주식당,부산 영도구 절영로14번길 2,부산 영도구 봉래동1가 94-3,051-416-5948,35.0932093109834,129.039948711614,ADDRESS_MISMATCH,COORDINATE_MISMATCH,,0,BROADCAST_SOURCE_MISSING,ADDRESS_FIX_REVIEW,P0,dist=536m
baekban-yeongdo-jungri-haenyeochon,영도 중리해녀촌,true,영도,해산물,273038784,부산 영도구 중리남로 2-35 영도해녀문화전시관 1층,051-419-4505,35.0693326,129.0669502,,,,,,,,PLACE_LOOKUP_FAILED,PLACE_LOOKUP_FAILED,,0,BROADCAST_SOURCE_MISSING,SOURCE_BACKFILL,P2,Kakao 매칭 실패
baekban-yeonje-godeungeo-datchi,고등어다찌 연산본점,true,연제,회,12743016,부산 연제구 고분로31번길 42,051-853-9374,35.186794,129.0859143,12743016,고등어다찌 연산동본점,부산 연제구 고분로31번길 42,부산 연제구 연산동 615-85,051-853-9374,35.18763694231681,129.08608325364918,EXACT_CURRENT,EXACT_CURRENT,,1,,NO_ACTION,P3,dist=95m
baekhwa-yanggopchang-1ho,백화양곱창 1호,true,남포동,한식,2061622071,부산 중구 자갈치로23번길 6,051-245-0105,35.0969339010747,129.027002044513,2061622071,백화양곱창 1호,부산 중구 자갈치로23번길 6,부산 중구 남포동6가 32,051-245-0105,35.0969320994681,129.027001999905,EXACT_CURRENT,EXACT_CURRENT,,0,BROADCAST_SOURCE_MISSING,SOURCE_BACKFILL,P2,dist=0m
bapsang-gijang-haebyeon-jipbul-gomjangeo,해변짚불곰장어,true,기장,해산물,10020270,부산 기장군 기장읍 공수2길 11,051-721-4539,35.1840119,129.2105179,10020270,해변짚불곰장어,부산 기장군 기장읍 공수2길 11,부산 기장군 기장읍 시랑리 563-1,051-721-4539,35.1854233977704,129.21159817618,EXACT_CURRENT,SAME_PLACE_ADDRESS_VARIANT,,1,,NO_ACTION,P3,dist=184m
ddoganjip-hapcheon-ilryu-dwaeji-gukbap,합천일류돼지국밥,true,사상,돼지국밥,10928210,부산 사상구 광장로 34,051-317-2478,35.1622620564839,128.980079780349,10928210,합천일류돼지국밥 사상점,부산 사상구 광장로 34,부산 사상구 괘법동 565-6,051-317-2478,35.162262056483875,128.98007978034923,EXACT_CURRENT,EXACT_CURRENT,,0,BROADCAST_SOURCE_MISSING,SOURCE_BACKFILL,P2,dist=0m
ddoganjip-pungnyeon-gopchang,풍년곱창,true,남구,곱창,15291956,부산 남구 용소로28번길 22-1,051-644-9302,35.1345,129.1027,15291956,풍년곱창,부산 남구 용소로28번길 22-1,부산 남구 대연동 394-10,051-644-9302,35.13485522624347,129.0993890175745,EXACT_CURRENT,SAME_PLACE_ADDRESS_VARIANT,,0,BROADCAST_SOURCE_MISSING,SOURCE_BACKFILL,P2,dist=297m
hanyakbang-gukbap-hyeongje-food,한약방돼지국밥 형제식품,true,서면,돼지국밥,2017689767,부산 부산진구 범천동 839-407,,35.1418955972729,129.062005706056,2017689767,한약방돼지국밥 형제식품,부산 부산진구 자유평화로 21-11,부산 부산진구 범천동 839-407,051-646-3102,35.1418955972729,129.062005706056,EXACT_CURRENT,EXACT_CURRENT,PHONE_BACKFILL_READY,0,BROADCAST_SOURCE_MISSING,PHONE_BACKFILL,P2,dist=0m
hibab-cheongsa-hoe-center,청사포 도희네 조개구이,true,해운대,해산물,510744836,부산 해운대구 청사포로 157,051-704-0113,35.1624398226622,129.194225885324,887616579,도희네,부산 해운대구 청사포로 12,부산 해운대구 좌동 1450,051-701-9078,35.166591678157324,129.18319017125606,BUSINESS_REVIEW,COORDINATE_MISMATCH,,0,BROADCAST_SOURCE_MISSING,COORDINATE_FIX_REVIEW,P0,Kakao 검색 id≠db_place_id(이름매칭) / dist=1083m
hibab-haeundae-amsogalbi,해운대 암소갈비집,true,해운대,고기,8149130,부산 해운대구 해운대해변로 333,051-746-0033,35.1631136041575,129.166464700066,8149130,해운대암소갈비집,부산 해운대구 해운대해변로 333,부산 해운대구 중동 1225-1,051-746-0033,35.163113604157466,129.16646470006606,EXACT_CURRENT,EXACT_CURRENT,,2,,NO_ACTION,P3,dist=0m
hoeguksu-halmaejip,회국수할매집,true,서면,한식,11260858,부산 부산진구 서면문화로 5,051-817-9260,35.1582241900753,129.057583103138,11260858,회국수할매집,부산 부산진구 서면문화로 5,부산 부산진구 부전동 486-1,051-817-9260,35.1582241900753,129.057583103138,EXACT_CURRENT,EXACT_CURRENT,,0,BROADCAST_SOURCE_MISSING,SOURCE_BACKFILL,P2,dist=0m
iganae-tteokbokki,이가네떡볶이 본점,true,남포동,분식/길거리,20204736,부산 중구 부평1길 48,051-245-0413,35.1014825667343,129.025952334737,20204736,이가네떡볶이 본점,부산 중구 부평1길 48,부산 중구 부평동2가 16,051-245-0413,35.1014825667343,129.02595233473696,EXACT_CURRENT,EXACT_CURRENT,,0,BROADCAST_SOURCE_MISSING,SOURCE_BACKFILL,P2,dist=0m
jeonhyun-gijang-haenyeo-halmaejib,5번 친구해녀할매집,true,기장,해산물,704870096,부산 기장군 기장읍 기장해안로 668,051-724-3399,35.1996433,129.2240272,704870096,5번친구해녀할매집,부산 기장군 기장읍 기장해안로 668,부산 기장군 기장읍 대변리 245-23,051-724-3399,35.2204424589892,129.233311233486,EXACT_CURRENT,COORDINATE_MISMATCH,,0,BROADCAST_SOURCE_MISSING,COORDINATE_FIX_REVIEW,P0,dist=2451m
jeonhyun-gwangalli-biwa-suljan,비와술잔,true,광안리,일식,1848137369,부산 수영구 황령대로489번길 49-8 1층,,35.140206,129.109262,1848137369,비와술잔,부산 수영구 황령대로489번길 49-8,부산 수영구 남천동 204,051-621-2540,35.14020600272599,129.10926171957024,SAME_PLACE_ADDRESS_VARIANT,EXACT_CURRENT,PHONE_BACKFILL_READY,0,BROADCAST_SOURCE_MISSING,PHONE_BACKFILL,P2,dist=0m
jeonhyun-gwangalli-yeonhap-hoejip,연합횟집,true,광안리,회,18833899,부산 수영구 남천1동 192,051-623-6039,35.140323,129.109787,18833899,연합횟집,부산 수영구 황령대로489번길 59,부산 수영구 남천동 193,051-623-6039,35.1403230174367,129.109786937943,SAME_PLACE_ADDRESS_VARIANT,EXACT_CURRENT,,0,BROADCAST_SOURCE_MISSING,SOURCE_BACKFILL,P2,dist=0m
jeonhyun-namgu-suta-hyemi-kalguksu,수타혜미칼국수,true,남구,분식/길거리,26436780,부산 남구 문현금융로 4,051-635-8587,35.1430248433111,129.065121445563,26436780,수타혜미칼국수,부산 남구 문현금융로 4,부산 남구 문현동 770-1,051-635-8587,35.1430248433111,129.065121445563,EXACT_CURRENT,EXACT_CURRENT,,0,BROADCAST_SOURCE_MISSING,SOURCE_BACKFILL,P2,dist=0m
jeonhyun-nampo-mullebanga-jeukseokgui,물레방아 즉석구이,true,남포동,고기,8301894,부산 중구 중앙대로41번길 11-1,051-245-1195,35.101051,129.035135,8301894,물레방아즉석구이,부산 중구 중앙대로41번길 11-1,부산 중구 중앙동1가 24-14,051-245-1195,35.1010511492018,129.03513510735,EXACT_CURRENT,EXACT_CURRENT,,0,BROADCAST_SOURCE_MISSING,SOURCE_BACKFILL,P2,dist=0m
jeonhyun-nampo-yeosongje,여송제,true,남포동,한식,10656018,부산 중구 광복로18번길 5,051-246-2111,35.099162,129.027188,10656018,여송제,부산 중구 광복로18번길 5,부산 중구 부평동1가 37-10,051-246-2111,35.09916210802681,129.02718770394407,EXACT_CURRENT,EXACT_CURRENT,,0,BROADCAST_SOURCE_MISSING,SOURCE_BACKFILL,P2,dist=0m
jeonhyun-yeongdo-watda-sikdang,왔다식당,true,영도,고기,9291686,부산 영도구 하나길 811,051-412-2676,35.094025,129.056345,9291686,왔다식당,부산 영도구 하나길 811,부산 영도구 청학동 386-197,051-412-2676,35.094025368019814,129.0563445058958,EXACT_CURRENT,EXACT_CURRENT,,0,BROADCAST_SOURCE_MISSING,SOURCE_BACKFILL,P2,dist=0m
kimyusun-daegu-bbol-jjim,김유순대구뽈찜전문점,true,남구,해산물,8116757,부산 남구 진남로 15,051-627-4319,35.1363540063858,129.091513709565,8116757,김유순대구뽈찜전문,부산 남구 진남로 15,부산 남구 대연동 291-2,051-627-4319,35.1363540063858,129.091513709565,EXACT_CURRENT,EXACT_CURRENT,,1,,NO_ACTION,P3,dist=0m
live-today-donggu-halme-gimbap,할매김밥,true,기타,분식,16286242,부산 동구 고관로 106 상가아파트 상가안,0507-1349-0547,35.1282569731002,129.04640374595,16286242,할매김밥,부산 동구 고관로 106,부산 동구 수정동 170-1,051-467-0547,35.1282569731002,129.04640374595,SAME_PLACE_ADDRESS_VARIANT,EXACT_CURRENT,,0,BROADCAST_SOURCE_MISSING,SOURCE_BACKFILL,P2,dist=0m
live-today-samjin-eomuk,삼진어묵 본점,true,영도,해산물,22579540,부산광역시 영도구 태종로99번길 36,051-715-5865,35.093565,129.039649,22579540,삼진어묵 영도본점,부산 영도구 태종로99번길 36,부산 영도구 봉래동2가 39-1,051-715-5865,35.09294874822122,129.0427918566933,EXACT_CURRENT,SAME_PLACE_ADDRESS_VARIANT,,0,BROADCAST_SOURCE_MISSING,SOURCE_BACKFILL,P2,dist=287m
live-today-suyeong-geumsin-jeonseon-sangyusibi,금신전선 상유십이,true,기타,한식,1905565479,부산 수영구 수영로582번길 28,0507-1426-2201,35.1574229558888,129.114560618088,1905565479,금신전선상유십이 금상,부산 수영구 수영로582번길 28,부산 수영구 광안동 144-16,0507-1426-2201,35.1574229558888,129.114560618088,EXACT_CURRENT,EXACT_CURRENT,,0,BROADCAST_SOURCE_MISSING,SOURCE_BACKFILL,P2,dist=0m
matnyuk-sasang-doejigalbi,시골집명품석갈비,true,사상,고기,1045757902,부산 사상구 괘법동 549,051-012-3456,35.1544,128.9921,17710705,시골집명품석갈비,부산 사상구 낙동대로1210번길 82,부산 사상구 괘법동 523-3,051-315-0709,35.167025345189316,128.98114676515732,BUSINESS_REVIEW,COORDINATE_MISMATCH,,0,BROADCAST_SOURCE_MISSING,COORDINATE_FIX_REVIEW,P0,Kakao 검색 id≠db_place_id(이름매칭) / dist=1706m
matnyuk-seomyeon-songjeong-3dae-gukbap,송정3대국밥,true,서면,돼지국밥,10551889,부산 부산진구 서면로68번길 33,0507-1412-5722,35.1555801,129.058548,10551889,송정삼대국밥,부산 부산진구 서면로68번길 33,부산 부산진구 부전동 255-19,051-806-5722,35.15557363642001,129.0584983963701,EXACT_CURRENT,EXACT_CURRENT,,0,BROADCAST_SOURCE_MISSING,SOURCE_BACKFILL,P2,dist=4m
michelin-bukgu-pyeongyangjip,평양집,true,기타,한식,12293207,부산 북구 금곡대로20번길 21,051-331-5455,35.212098,129.005911,12293207,평양집 덕천food,부산 북구 금곡대로20번길 21,부산 북구 덕천동 333-25,051-331-5455,35.2120978207824,129.005911099211,EXACT_CURRENT,EXACT_CURRENT,,1,,NO_ACTION,P3,dist=0m
michelin-gwangalli-songheonjip,송헌집,true,광안리,고기,1559134124,부산 수영구 민락로19번길 18,,35.156552,129.121438,1559134124,송헌집,부산 수영구 민락로19번길 18,부산 수영구 민락동 171-19,,35.1565520222494,129.121437717475,EXACT_CURRENT,EXACT_CURRENT,PHONE_NOT_AVAILABLE,1,,NO_ACTION,P3,dist=0m
michelin-haeundae-moemiljip,뫼밀집,true,해운대,한식,973360722,부산 해운대구 마린시티3로 23,051-744-9944,35.156647,129.146931,973360722,뫼밀집,부산 해운대구 마린시티3로 23,부산 해운대구 우동 1435,051-744-9944,35.156647053329,129.146930849669,EXACT_CURRENT,EXACT_CURRENT,,1,,NO_ACTION,P3,dist=0m
michinmatjip-dongnae-seungha-jip,승하집,true,동래,한식,2020452181,부산 동래구 사직북로5번길 31,010-9102-5535,35.19607,129.05914,2020452181,승하집,부산 동래구 사직북로5번길 31,부산 동래구 사직동 89-3,010-9102-5535,35.1960653454399,129.059141057486,EXACT_CURRENT,EXACT_CURRENT,,1,,NO_ACTION,P3,dist=1m
michinmatjip-jung-seomjingang-jaecheop,섬진강재첩전문점,true,남포동,해산물,10488926,부산 중구 광복로85번길 15-1,051-246-6471,35.09977,129.03475,10488926,섬진강재첩전문점,부산 중구 광복로85번길 15-1,부산 중구 동광동2가 10-4,051-246-6471,35.09976889685181,129.034752338281,EXACT_CURRENT,EXACT_CURRENT,,1,,NO_ACTION,P3,dist=0m
michinmatjip-sasang-galchi-hoegwan,갈치회관,true,사상,해산물,593120865,부산 사상구 낙동대로 1402,051-301-8292,35.18523,128.97738,593120865,갈치회관,부산 사상구 낙동대로 1402,부산 사상구 삼락동 356-1,051-301-8292,35.1852347394636,128.977382420717,EXACT_CURRENT,EXACT_CURRENT,,1,,NO_ACTION,P3,dist=1m
michinmatjip-seogu-sinchang-gukbap,신창국밥 본점,true,기타,돼지국밥,7979137,부산 서구 보수대로 53,051-244-1112,35.1009584,129.0225883,7979137,신창국밥 본점,부산 서구 보수대로 53,부산 서구 토성동1가 4-1,051-244-1112,35.1009583984265,129.022588312598,EXACT_CURRENT,EXACT_CURRENT,,0,BROADCAST_SOURCE_MISSING,SOURCE_BACKFILL,P2,dist=0m
mulkkong-sikdang,물꽁식당,true,남포동,해산물,11891969,부산 중구 흑교로59번길 3,051-257-3230,35.1045035036691,129.02437673745,11891969,물꽁식당,부산 중구 흑교로59번길 3,부산 중구 보수동2가 89-6,051-257-3230,35.10450350366911,129.02437673744967,EXACT_CURRENT,EXACT_CURRENT,,1,,NO_ACTION,P3,dist=0m
naeho-naengmyeon,내호냉면,true,남구,밀면,11023144,부산 남구 우암번영로26번길 17,051-646-6195,35.1264751024665,129.070867880766,11023144,내호냉면,부산 남구 우암번영로26번길 17,부산 남구 우암동 189-671,051-646-6195,35.1264751024665,129.070867880766,EXACT_CURRENT,EXACT_CURRENT,,0,BROADCAST_SOURCE_MISSING,SOURCE_BACKFILL,P2,dist=0m
oneuln-nampo-sammi-jip,삼미집,true,남포동,한식,16214505,부산 중구 광복로35번길 30-1,051-245-7776,35.1019748260644,129.028955935078,16214505,삼미집,부산 중구 광복로35번길 30-1,부산 중구 신창동3가 6-1,051-245-7776,35.10197482606437,129.0289559350778,EXACT_CURRENT,EXACT_CURRENT,,0,BROADCAST_SOURCE_MISSING,SOURCE_BACKFILL,P2,dist=0m
postoffice-bukgu-anakchon,아낙촌,true,기타,한식,1029695066,부산광역시 북구 만덕3로 46,0507-1310-0342,35.211599794611,129.028707268755,1029695066,아낙촌 만덕점,부산 북구 만덕3로 46,부산 북구 만덕동 915-7,051-335-0330,35.211599794610954,129.0287072687547,EXACT_CURRENT,EXACT_CURRENT,,1,,NO_ACTION,P3,dist=0m
postoffice-bukgu-babo-eomma-kalguksu,바보엄마칼국수,true,기타,한식,729277084,부산광역시 북구 화명대로12번길 91,051-362-3690,35.2308443415677,129.00897667944,729277084,바보엄마칼국수,부산 북구 화명대로12번길 91,부산 북구 화명동 2299-3,051-362-3690,35.23084434156769,129.0089766794398,EXACT_CURRENT,EXACT_CURRENT,,1,,NO_ACTION,P3,dist=0m
postoffice-bukgu-chen-china,첸차이나,true,기타,중식,491752023,부산광역시 북구 효열로219번가길 42,051-343-7778,35.2635263175473,129.017014136899,491752023,첸차이나,부산 북구 효열로219번가길 42,부산 북구 금곡동 629,051-343-7778,35.26352631754734,129.01701413689906,EXACT_CURRENT,EXACT_CURRENT,,1,,NO_ACTION,P3,dist=0m
postoffice-bukgu-geumyong-mandu,금용만두,true,기타,분식,8792300,부산광역시 북구 구포만세길 75,051-337-8868,35.2054631655259,128.996662263899,8792300,금용,부산 북구 구포만세길 75,부산 북구 구포동 1060-268,0502-5552-4533,35.205463165525906,128.9966622638993,EXACT_CURRENT,EXACT_CURRENT,,1,,NO_ACTION,P3,dist=0m
postoffice-bukgu-yungane-san-ojingeo,윤가네산오징어,true,기타,해산물,15837083,부산광역시 북구 만덕대로16번길 24,010-6787-2642,35.2094096233223,129.007162566425,15837083,윤가네산오징어,부산 북구 만덕대로16번길 24,부산 북구 덕천동 403-13,,35.2094096233223,129.007162566425,EXACT_CURRENT,EXACT_CURRENT,,1,,NO_ACTION,P3,dist=0m
postoffice-busanjin-jobang-nakji-gaya,조방낙지 가야점,true,서면,한식,26884360,부산광역시 부산진구 가야대로 597,051-895-0076,35.155129927278,129.037253954665,26884360,조방낙지 가야점,부산 부산진구 가야대로 597,부산 부산진구 가야동 56-2,051-895-0076,35.15512992727796,129.03725395466518,EXACT_CURRENT,EXACT_CURRENT,,1,,NO_ACTION,P3,dist=0m
postoffice-busanjin-simcheongi-wang-jokbal,심청이왕족발,true,서면,고기,1953683526,부산광역시 부산진구 가야대로588번길 14,051-896-5357,35.1540369613871,129.035798068665,1953683526,심청이왕족발 가야본점,부산 부산진구 가야대로588번길 14,부산 부산진구 가야동 264-1,051-896-5357,35.1540369613871,129.035798068665,EXACT_CURRENT,EXACT_CURRENT,,1,,NO_ACTION,P3,dist=0m
postoffice-busanjin-yeon-dwaeji-gukbap,연돼지국밥,true,서면,돼지국밥,1415088420,부산광역시 부산진구 범일로192번길 33,0507-1301-1376,35.1468292204556,129.061649642976,1415088420,연돼지국밥,부산 부산진구 범일로192번길 33,부산 부산진구 범천동 853-25,010-8378-1190,35.1468292204556,129.061649642976,EXACT_CURRENT,EXACT_CURRENT,,1,,NO_ACTION,P3,dist=0m
postoffice-donggu-maparam-haemul,마파람해물찜해물탕,true,기타,해산물,1741111954,부산광역시 동구 범일로90번길 9,051-631-9559,35.1381389482764,129.060610944664,1741111954,마파람 해물찜해물탕 부산범일동점,부산 동구 범일로90번길 9,부산 동구 범일동 830-218,051-631-9559,35.1381389482764,129.06061094466435,EXACT_CURRENT,EXACT_CURRENT,,1,,NO_ACTION,P3,dist=0m
postoffice-dongnae-milmyeon,동래밀면,true,동래,밀면,12519573,부산광역시 동래구 명륜로 47,051-552-3092,35.1983246042788,129.084200429359,12519573,동래밀면 본점,부산 동래구 명륜로 47,부산 동래구 수안동 9-33,051-552-3092,35.1983246042788,129.084200429359,EXACT_CURRENT,EXACT_CURRENT,,1,,NO_ACTION,P3,dist=0m
postoffice-dongnae-yeongnam-sigyuk,영남식육식당 동래점,true,동래,고기,21965019,부산광역시 동래구 명륜로112번가길 51,0507-1332-2228,35.2057710116254,129.082985393124,21965019,영남식육식당 동래점,부산 동래구 명륜로112번가길 51,부산 동래구 명륜동 570,051-552-2228,35.2057710116254,129.082985393124,EXACT_CURRENT,EXACT_CURRENT,,1,,NO_ACTION,P3,dist=0m
postoffice-gangseo-bogone,복오네,true,기타,해산물,1387540824,부산광역시 강서구 대저중앙로 61-7,051-972-5245,35.2181573298303,128.954131676576,1387540824,복오네,부산 강서구 대저중앙로 61-7,부산 강서구 대저1동 1139,051-972-5245,35.2181573298303,128.954131676576,EXACT_CURRENT,EXACT_CURRENT,,1,,NO_ACTION,P3,dist=0m
postoffice-gangseo-gogwigwan,고귀관,true,기타,고기,802014363,부산광역시 강서구 대저중앙로 399,0507-1311-9299,35.2206256670828,128.990677523311,802014363,고귀관,부산 강서구 대저중앙로 399,부산 강서구 대저1동 229-46,051-973-9294,35.2206256670828,128.990677523311,EXACT_CURRENT,EXACT_CURRENT,,1,,NO_ACTION,P3,dist=0m
postoffice-gangseo-gonghang-jokbal,공항족발,true,기타,고기,1688432879,"부산광역시 강서구 공항앞길 12, 1층",0507-1402-1781,35.1802620269846,128.954183242134,1688432879,공항족발,부산 강서구 공항앞길 12,부산 강서구 대저2동 1837-4,,35.1802620269846,128.954183242134,SAME_PLACE_ADDRESS_VARIANT,EXACT_CURRENT,,1,,NO_ACTION,P3,dist=0m
postoffice-gangseo-juhwa-hoetjip,주화횟집,true,기타,회,1791507878,부산광역시 강서구 화전산단4로30번길 6,051-941-9288,35.1107684971617,128.881269365007,1791507878,주화횟집,부산 강서구 화전산단4로30번길 6,부산 강서구 화전동 561-5,051-941-9288,35.1107684971617,128.881269365007,EXACT_CURRENT,EXACT_CURRENT,,1,,NO_ACTION,P3,dist=0m
postoffice-gangseo-ogi-gamjatang,옥이감자탕,true,기타,한식,440993096,부산광역시 강서구 화전산단4로7번길 14,051-973-8988,35.1115494645411,128.879260578865,440993096,옥이감자탕,부산 강서구 화전산단4로7번길 14,부산 강서구 녹산동 1326-1,051-973-8988,35.1115494645411,128.879260578865,EXACT_CURRENT,EXACT_CURRENT,,1,,NO_ACTION,P3,dist=0m
postoffice-geumjeong-bukmun-guksu,북문국수,true,기타,한식,15713974,부산광역시 금정구 북문로 53,051-517-6626,35.2534917867087,129.053709103342,15713974,북문국수,부산 금정구 북문로 53,부산 금정구 금성동 352-2,051-517-6626,35.2534917867087,129.053709103342,EXACT_CURRENT,EXACT_CURRENT,,1,,NO_ACTION,P3,dist=0m
postoffice-geumjeong-daebak-son-kalguksu,대박손칼국수,true,기타,한식,24574146,"부산광역시 금정구 수림로20번길 21, 천호빌딩 1층",051-515-5295,35.2406506717372,129.090208503656,24574146,대박손칼국수,부산 금정구 수림로20번길 21,부산 금정구 부곡동 65-108,051-515-5295,35.2406506717372,129.090208503656,SAME_PLACE_ADDRESS_VARIANT,EXACT_CURRENT,,1,,NO_ACTION,P3,dist=0m
postoffice-gijang-gamasot-saengbok,가마솥생복집,true,기장,해산물,8732558,부산광역시 기장군 기장읍 차성로 327-2,051-722-2995,35.2469225175914,129.213417098984,8732558,가마솥생복집,부산 기장군 기장읍 차성로 327-2,부산 기장군 기장읍 동부리 117-10,051-722-2995,35.2469225175914,129.213417098984,EXACT_CURRENT,EXACT_CURRENT,,1,,NO_ACTION,P3,dist=0m
postoffice-gijang-haenyeo-jossi-halmaejip,해녀조씨할매집,true,기장,해산물,19736636,부산광역시 기장군 기장읍 연화1길 187,051-721-2972,35.2183389825916,129.227556761787,19736636,해녀조씨할매집,부산 기장군 기장읍 연화1길 187,부산 기장군 기장읍 연화리 140,051-721-2972,35.2183389825916,129.227556761787,EXACT_CURRENT,EXACT_CURRENT,,1,,NO_ACTION,P3,dist=0m
postoffice-gijang-hanyang-hoetjip,한양횟집,true,기장,회,13092015,부산광역시 기장군 일광읍 문오성길 165-1,051-727-1773,35.2866511793965,129.257658280746,13092015,한양횟집,부산 기장군 일광읍 문오성길 165-1,부산 기장군 일광읍 동백리 234-7,,35.2866511793965,129.257658280746,EXACT_CURRENT,EXACT_CURRENT,,1,,NO_ACTION,P3,dist=0m
postoffice-gwangalli-geumgang-bokagu,금강 복아구전문점,true,광안리,해산물,638676502,부산광역시 수영구 남천동로9번길 62,051-623-1193,35.1451902896209,129.111588995976,638676502,금강복아구전문점,부산 수영구 남천동로9번길 62,부산 수영구 남천동 9-9,,35.1451902896209,129.111588995976,EXACT_CURRENT,EXACT_CURRENT,,1,,NO_ACTION,P3,dist=0m
postoffice-haeundae-banggalo-kkeutjip,방갈로끝집,true,해운대,해산물,18424364,부산광역시 해운대구 청사포로128번길 66,051-704-1198,35.1600456059009,129.189092026283,18424364,방갈로끝집,부산 해운대구 청사포로128번길 66,부산 해운대구 중동 612,051-704-1198,35.1600456059009,129.189092026283,EXACT_CURRENT,EXACT_CURRENT,,1,,NO_ACTION,P3,dist=0m
postoffice-haeundae-bian-rian,비안리안,true,해운대,중식,1980103217,"부산광역시 해운대구 재반로 96-17, 1층",010-4044-3152,35.187048998635,129.126094220352,1980103217,비안리안,부산 해운대구 재반로 96-17,부산 해운대구 재송동 1125-2,051-784-7151,35.187048998635,129.126094220352,SAME_PLACE_ADDRESS_VARIANT,EXACT_CURRENT,,1,,NO_ACTION,P3,dist=0m
postoffice-haeundae-haseonjip,해운대 하선집,true,해운대,고기,1267052758,"부산광역시 해운대구 좌동순환로 395, 1층",0507-1340-1139,35.1621850591015,129.177337696479,1267052758,해운대하선집 숯불돼지갈비전문점,부산 해운대구 좌동순환로 395,부산 해운대구 중동 1521-3,051-704-1139,35.162185059101525,129.17733769647893,SAME_PLACE_ADDRESS_VARIANT,EXACT_CURRENT,,1,,NO_ACTION,P3,dist=0m
postoffice-haeundae-songjeong-hoetjip,송정횟집,true,해운대,회,1300768661,부산광역시 해운대구 송정중앙로33번길 10,0507-1495-1085,35.1826832201469,129.204425715884,1300768661,송정횟집,부산 해운대구 송정중앙로33번길 10,부산 해운대구 송정동 203-8,051-701-1005,35.1826832201469,129.204425715884,EXACT_CURRENT,EXACT_CURRENT,,1,,NO_ACTION,P3,dist=0m
postoffice-nampodong-doenjang-hansang,된장한상,true,남포동,한식,715154557,부산광역시 중구 대청로141번길 17,051-442-3006,35.1043462714426,129.035055842391,715154557,된장한상,부산 중구 대청로141번길 17,부산 중구 중앙동4가 37-34,051-442-3006,35.1043462714426,129.035055842391,EXACT_CURRENT,EXACT_CURRENT,,1,,NO_ACTION,P3,dist=0m
postoffice-saha-haeju-naengmyeon,해주냉면,true,기타,밀면,21295360,부산광역시 사하구 낙동대로324번길 5,051-291-4841,35.1006494109164,128.981723291788,21295360,해주냉면,부산 사하구 낙동대로324번길 5,부산 사하구 괴정동 1104-9,051-291-4841,35.1006494109164,128.981723291788,EXACT_CURRENT,EXACT_CURRENT,,1,,NO_ACTION,P3,dist=0m
postoffice-saha-hwaban,화반,true,기타,한식,1568379577,부산광역시 사하구 낙동대로 516번길 55,0507-1303-8727,35.1133502174751,128.965707216297,1568379577,화반 3호점,부산 사하구 낙동대로516번길 55,부산 사하구 하단동 816-3,051-203-8727,35.1133502174751,128.965707216297,EXACT_CURRENT,EXACT_CURRENT,,1,,NO_ACTION,P3,dist=0m
postoffice-saha-namhae-boribap,남해영양보리밥,true,기타,한식,1263759699,부산광역시 사하구 제석로18번길 70,051-206-6336,35.1024776038926,128.97462005737,1263759699,남해영양보리밥,부산 사하구 제석로18번길 70,부산 사하구 당리동 326-12,051-206-6336,35.10247760389261,128.9746200573697,EXACT_CURRENT,EXACT_CURRENT,,1,,NO_ACTION,P3,dist=0m
postoffice-sasang-bapjitneun-bueok,밥짓는부엌 한식뷔페,true,사상,한식,1010027728,부산광역시 사상구 학감대로 222번길 67,051-311-7469,35.1511951787102,128.99334587443,1010027728,밥짓는부엌,부산 사상구 학감대로222번길 67,부산 사상구 주례동 689-12,051-311-7469,35.1511951787102,128.99334587443,EXACT_CURRENT,EXACT_CURRENT,,1,,NO_ACTION,P3,dist=0m
postoffice-sasang-sunpung-samgyetang,순풍삼계탕,true,사상,한식,16669936,부산광역시 사상구 사상로181번길 33,051-324-6622,35.1597563884913,128.985443217797,16669936,순풍삼계탕,부산 사상구 사상로181번길 35,부산 사상구 괘법동 556-3,051-324-6622,35.1597563884913,128.985443217797,SAME_PLACE_ADDRESS_VARIANT,EXACT_CURRENT,,1,,NO_ACTION,P3,dist=0m
postoffice-sasang-suyeonine,수연이네,true,사상,해산물,1264144799,부산광역시 사상구 학장로 318-1,051-316-2788,35.14882331183,128.999958963767,1264144799,수연이네,부산 사상구 학장로 318,부산 사상구 주례동 1162-41,051-316-2788,35.14882331183005,128.99995896376655,SAME_PLACE_ADDRESS_VARIANT,EXACT_CURRENT,,1,,NO_ACTION,P3,dist=0m
postoffice-suyeong-hwangnyeongsan-bossam,황령산 보쌈,true,광안리,고기,10966906,부산광역시 수영구 황령산로8,051-627-1321,35.1476458170528,129.109578830709,10966906,황령산보쌈,부산 수영구 황령산로 8,부산 수영구 남천동 48-18,051-627-1321,35.147645817052805,129.10957883070878,EXACT_CURRENT,EXACT_CURRENT,,1,,NO_ACTION,P3,dist=0m
postoffice-suyeong-soba-jaewuujae,소바재우재,true,광안리,일식,1280383204,"부산광역시 수영구 광남로 4-1, 1층",0507-1312-8952,35.1434784200677,129.109553529647,1280383204,소바재우재,부산 수영구 광남로 4-1,부산 수영구 남천동 12-12,,35.1434784200677,129.109553529647,SAME_PLACE_ADDRESS_VARIANT,EXACT_CURRENT,,1,,NO_ACTION,P3,dist=0m
postoffice-yeongdo-bongnae-hwaro,봉래화로,true,영도,고기,1972140778,"부산광역시 영도구 대교로 1, 101호",0507-1416-7930,35.0926737511788,129.044243249941,1972140778,봉래화로,부산 영도구 대교로 1,부산 영도구 봉래동3가 24,,35.0926737511788,129.044243249941,SAME_PLACE_ADDRESS_VARIANT,EXACT_CURRENT,,1,,NO_ACTION,P3,dist=0m
postoffice-yeongdo-uri-imojip,우리이모집,true,영도,해산물,27388472,부산광역시 영도구 감지해변길 92,010-5025-3134,35.0611732849226,129.077426998546,27388472,우리이모집,부산 영도구 감지해변길 96,부산 영도구 동삼동 1035-18,010-5025-3134,35.06117328492256,129.0774269985458,SAME_PLACE_ADDRESS_VARIANT,EXACT_CURRENT,,1,,NO_ACTION,P3,dist=0m
postoffice-yeonje-keunbawi-hoetjip,큰바위횟집,true,연제,회,8567679,부산광역시 연제구 법원로32번길19 다성빌딩 1층,0507-1395-1617,35.1912816082275,129.075259342139,8567679,큰바위횟집,부산 연제구 법원로32번길 19,부산 연제구 거제동 1488-5,051-505-4773,35.19128160822747,129.07525934213896,SAME_PLACE_ADDRESS_VARIANT,EXACT_CURRENT,,1,,NO_ACTION,P3,dist=0m
postoffice-yeonje-manpojang-hoe,만포장회전문점,true,연제,회,9767286,부산광역시 연제구 법원북로3번길 15,051-503-6865,35.1938861235327,129.067296397956,9767286,만포장회전문점,부산 연제구 법원북로3번길 15,부산 연제구 거제동 1476-7,051-503-6865,35.193886123532714,129.06729639795645,EXACT_CURRENT,EXACT_CURRENT,,1,,NO_ACTION,P3,dist=0m
postoffice-yeonje-palpal-jangeo,팔팔연제장어,true,연제,해산물,91948145,부산광역시 연제구 황새알로 21-1,051-507-5244,35.1940969366645,129.074936860493,91948145,팔팔연제장어,부산 연제구 황새알로 21-1,부산 연제구 거제동 340-10,051-507-5244,35.1940969366645,129.074936860493,EXACT_CURRENT,EXACT_CURRENT,,1,,NO_ACTION,P3,dist=0m
pungja-namgu-hapcheon-gukbap,합천국밥집,true,남구,돼지국밥,1420643780,부산 남구 용호로 235,,35.1258388,129.1108246,1420643780,합천국밥집,부산 남구 용호로 237,부산 남구 용호동 554-4,051-622-4898,35.11111690099411,129.11131791457325,ADDRESS_MISMATCH,COORDINATE_MISMATCH,PHONE_BACKFILL_READY,0,BROADCAST_SOURCE_MISSING,ADDRESS_FIX_REVIEW,P0,dist=1635m
pungja-nampo-milyangjib,밀양집,true,남포동,돼지국밥,10377715,부산 중구 중구로47번길 35,051-245-5137,35.1022709,129.0265335,20534752,밀양집,부산 중구 중구로47번길 35,부산 중구 부평동2가 12-7,051-245-5137,35.102185321476824,129.025962053168,EXACT_CURRENT,EXACT_CURRENT,,0,BROADCAST_SOURCE_MISSING,SOURCE_BACKFILL,P2,Kakao 검색 id≠db_place_id(이름매칭) / dist=52m
saengbang-gwangalli-sanhae-hoejip,산해횟집,true,광안리,회,20554112,부산 수영구 광안해변로344번길 17-20 풍경타워 8층,0507-1389-7718,35.1551,129.1189,20554112,산해횟집,부산 수영구 광안해변로344번길 17-20,부산 수영구 민락동 110-50,051-752-8294,35.15499650870459,129.13165769451794,SAME_PLACE_ADDRESS_VARIANT,COORDINATE_MISMATCH,,0,BROADCAST_SOURCE_MISSING,COORDINATE_FIX_REVIEW,P0,dist=1133m
saengdal-bukgu-shunsaikubo,슌사이쿠보 화명,true,기타,아시안,1645649718,부산 북구 양달로4번길 17 금샘빌딩 1층,0507-1315-2959,35.2409591,129.0145566,1645649718,슌사이쿠보,부산 북구 양달로4번길 17,부산 북구 화명동 194,051-365-2959,35.24092217745683,129.0146581356751,SAME_PLACE_ADDRESS_VARIANT,EXACT_CURRENT,,0,BROADCAST_SOURCE_MISSING,SOURCE_BACKFILL,P2,dist=10m
saengdal-centum-bulbaek-gosurak,불백고수락 센텀본점,true,해운대,한식,987828015,부산 해운대구 센텀중앙로 90 205호,0507-1354-7574,35.1754435363346,129.126430643978,987828015,불백고수락 센텀본점,부산 해운대구 센텀중앙로 90,부산 해운대구 재송동 1212,051-781-7574,35.1754435363346,129.126430643978,SAME_PLACE_ADDRESS_VARIANT,EXACT_CURRENT,,0,BROADCAST_SOURCE_MISSING,SOURCE_BACKFILL,P2,dist=0m
saengdal-geumjeong-songs-bakery,송스 베이커리,true,기타,베이커리/디저트,1678402588,부산 금정구 수림로 26,051-518-0303,35.2392341,129.0804266,1678402588,송스베이커리,부산 금정구 수림로 26,부산 금정구 부곡동 65-15,051-518-0303,35.2399910994005,129.089787360636,EXACT_CURRENT,COORDINATE_MISMATCH,,0,BROADCAST_SOURCE_MISSING,COORDINATE_FIX_REVIEW,P0,dist=835m
saengdal-gijang-ilgwangdang,일광당,true,기장,베이커리/디저트,14723726,부산 기장군 일광읍 일광로 125-1,051-724-0039,35.2665874736785,129.235227867827,14723726,일광당,부산 기장군 일광읍 일광로 125-1,부산 기장군 일광읍 이천리 836-5,051-724-0039,35.2665874736785,129.235227867827,EXACT_CURRENT,EXACT_CURRENT,,0,BROADCAST_SOURCE_MISSING,SOURCE_BACKFILL,P2,dist=0m
saengdal-gijang-jeil-bunsik,제일분식,true,기장,분식/길거리,10088181,부산 기장군 장안읍 좌천로 38,051-727-0132,35.3147265,129.2431837,10088181,제일분식,부산 기장군 장안읍 좌천로 38,부산 기장군 장안읍 좌천리 213-9,051-727-0132,35.3115576896283,129.243140127124,EXACT_CURRENT,SAME_PLACE_ADDRESS_VARIANT,,0,BROADCAST_SOURCE_MISSING,SOURCE_BACKFILL,P2,dist=352m
saengdal-gwangalli-baegil-pyeongnaeng,백일평냉,true,광안리,한식,1174747976,부산 수영구 남천바다로10번길 29 1층,051-625-5515,35.148556,129.111645,1174747976,백일평냉,부산 수영구 남천바다로10번길 29,부산 수영구 남천동 35-7,051-625-5515,35.1485560183374,129.111645254415,SAME_PLACE_ADDRESS_VARIANT,EXACT_CURRENT,,2,,NO_ACTION,P3,dist=0m
saengdal-gwangalli-boulangerie-lassence,블랑제리 라센,true,광안리,카페/베이커리,748130607,부산 수영구 남천바다로9번길 8,,35.1503526995148,129.112122886199,748130607,블랑제리라센,부산 수영구 남천바다로9번길 8,부산 수영구 광안동 188-9,051-710-1417,35.150352699514755,129.11212288619896,EXACT_CURRENT,EXACT_CURRENT,PHONE_BACKFILL_READY,0,BROADCAST_SOURCE_MISSING,PHONE_BACKFILL,P2,dist=0m
saengdal-gwangalli-jin-doejigomtang,진돼지곰탕,true,광안리,돼지국밥,1398392170,"부산 수영구 광안해변로284번길 4, 2층 201호",0507-1468-1634,35.1546338,129.1252248,1398392170,진돼지곰탕,부산 수영구 광안해변로284번길 4,부산 수영구 민락동 181-70,051-711-1633,35.1557271181458,129.124747573779,SAME_PLACE_ADDRESS_VARIANT,SAME_PLACE_ADDRESS_VARIANT,,0,BROADCAST_SOURCE_MISSING,SOURCE_BACKFILL,P2,dist=129m
saengdal-haeundae-amisan,아미산,true,해운대,중식,7991031,부산 해운대구 해운대해변로 154 마리나센터 8층,0507-1359-0141,35.1581308,129.1485079,7991031,아미산 중식당 해운대,부산 해운대구 해운대해변로 154,부산 해운대구 우동 1434-1,051-747-0131,35.1579443132141,129.148629527671,SAME_PLACE_ADDRESS_VARIANT,EXACT_CURRENT,,0,BROADCAST_SOURCE_MISSING,SOURCE_BACKFILL,P2,dist=23m
saengdal-haeundae-missaem-ssalbbang,미쌤쌀빵,true,해운대,베이커리/디저트,930661152,"부산 해운대구 센텀중앙로 145, 1층",051-743-6778,35.1791315,129.1225899,930661152,미쌤쌀빵,부산 해운대구 센텀중앙로 145,부산 해운대구 재송동 1200,051-743-6778,35.180736833014926,129.12062727234303,SAME_PLACE_ADDRESS_VARIANT,SAME_PLACE_ADDRESS_VARIANT,,0,BROADCAST_SOURCE_MISSING,SOURCE_BACKFILL,P2,dist=249m
saengdal-jeonpo-toda-park,토다공원,true,서면,일식,536870603,부산 부산진구 전포대로210번길 36 1층,051-808-7736,35.1553485785214,129.067478259407,536870603,토다공원,부산 부산진구 전포대로210번길 36,부산 부산진구 전포동 334-44,051-622-7736,35.1553485785214,129.067478259407,SAME_PLACE_ADDRESS_VARIANT,EXACT_CURRENT,,0,BROADCAST_SOURCE_MISSING,SOURCE_BACKFILL,P2,dist=0m
saengdal-namgu-daeyeon-milmyeon,대연밀면,true,남구,밀면,16697877,부산 남구 천제등로 55 1층,0507-1355-6120,35.132813,129.0889647,16697877,대연밀면,부산 남구 천제등로 55,부산 남구 대연동 894-11,,35.1313369148308,129.08981015241,SAME_PLACE_ADDRESS_VARIANT,SAME_PLACE_ADDRESS_VARIANT,,0,BROADCAST_SOURCE_MISSING,SOURCE_BACKFILL,P2,dist=180m
saengdal-saha-cheramie,쉐라미과자점,true,기타,베이커리/디저트,9842611,부산 사하구 낙동대로 238,051-208-0033,35.1017204,128.978171,9842611,1974쉐라미,부산 사하구 낙동대로 238,부산 사하구 괴정동 932-22,051-208-0033,35.09967821867789,128.99105325574047,EXACT_CURRENT,COORDINATE_MISMATCH,,0,BROADCAST_SOURCE_MISSING,COORDINATE_FIX_REVIEW,P0,dist=1166m
saengdal-sasang-peanut-bbangatgan,피넛빵앗간,true,사상,베이커리/디저트,1585286643,부산 사상구 사상로148번길 11 1층,0507-1384-4057,35.1594472,128.9889712,1585286643,피넛빵앗간,부산 사상구 사상로148번길 11,부산 사상구 괘법동 552-20,010-5820-4057,35.1595402440623,128.988071586188,SAME_PLACE_ADDRESS_VARIANT,EXACT_CURRENT,,0,BROADCAST_SOURCE_MISSING,SOURCE_BACKFILL,P2,dist=81m
saengdal-seomyeon-dammiok,담미옥,true,남포동,한식,1712286950,부산 중구 해관로 82-1,051-710-5318,35.106232308677,129.035599508124,1712286950,담미옥,부산 중구 해관로 82-1,부산 중구 중앙동4가 60-1,,35.10623230867698,129.03559950812368,EXACT_CURRENT,EXACT_CURRENT,,1,,NO_ACTION,P3,dist=0m
saengdal-ssangdungyi-doejigukbap,쌍둥이돼지국밥 본점,true,남구,돼지국밥,349525135,부산 남구 유엔평화로 35-1,051-628-7021,35.1317705503488,129.092305817468,349525135,쌍둥이돼지국밥 본점,부산 남구 유엔평화로 35-1,부산 남구 대연동 889-5,051-628-7021,35.1317705503488,129.092305817468,EXACT_CURRENT,EXACT_CURRENT,,1,,NO_ACTION,P3,dist=0m
saengdal-suyeong-dongyang-sarada-namcheon,동양사라다 남천본점,true,광안리,베이커리/디저트,217131038,부산 수영구 남천서로20번길 31,0507-1356-5385,35.1456234,129.1076424,217131038,동양사라다 남천본점,부산 수영구 남천서로20번길 31,부산 수영구 남천동 60-6,051-626-5385,35.1448880476534,129.107262932801,EXACT_CURRENT,EXACT_CURRENT,,0,BROADCAST_SOURCE_MISSING,SOURCE_BACKFILL,P2,dist=88m
saengdal-suyeong-sushibashiku,스시바시쿠,true,광안리,일식,629144469,부산 수영구 민락동 168-13,0507-1384-6223,35.1585693,129.127121,629144469,스시바시쿠,부산 수영구 광안해변로255번길 45,부산 수영구 민락동 168-13,,35.1569711996097,129.120812183907,EXACT_CURRENT,COORDINATE_MISMATCH,,0,BROADCAST_SOURCE_MISSING,COORDINATE_FIX_REVIEW,P0,dist=588m
saengdal-yeongdo-sato-bunsik,사또분식,true,영도,분식/길거리,9808354,부산 영도구 절영로35번길 39,051-415-3764,35.0905236,129.0412957,9808354,사또분식,부산 영도구 절영로35번길 37,부산 영도구 대교동2가 178-3,051-415-3764,35.0906183194013,129.041186690822,SAME_PLACE_ADDRESS_VARIANT,EXACT_CURRENT,,0,BROADCAST_SOURCE_MISSING,SOURCE_BACKFILL,P2,dist=14m
saengdal-yeonje-gukje-milmyeon,국제밀면 본점,true,연제,밀면,25041331,부산 연제구 중앙대로1235번길 23-6,051-501-5507,35.1972883,129.0783596,25041331,국제밀면 본점,부산 연제구 중앙대로1235번길 23-6,부산 연제구 거제동 242-23,051-501-5507,35.19696537578578,129.07782246241635,EXACT_CURRENT,EXACT_CURRENT,,1,,NO_ACTION,P3,dist=60m
saengsaeng-sasang-jurye-suyuk-kalguksu,주례수육칼국수 2호점,true,사상,한식,1664107638,부산 사상구 가야대로 290-18,,35.149902,128.9876402,1664107638,주례수육칼국수 2호점,부산 사상구 가야대로 290-18,부산 사상구 주례동 509-9,0502-5553-2589,35.1496672386386,129.004675664087,EXACT_CURRENT,COORDINATE_MISMATCH,PHONE_BACKFILL_READY,0,BROADCAST_SOURCE_MISSING,COORDINATE_FIX_REVIEW,P0,dist=1513m
samdae-haeundae-wonjo-halmae-gukbap,해운대원조할매국밥,true,해운대,한식,367285394,부산 해운대구 구남로21번길 27,051-731-1962,35.1627301,129.1609919,367285394,해운대원조할매국밥,부산 해운대구 구남로21번길 33,부산 해운대구 우동 611-4,051-746-0387,35.163301573016895,129.1613417627714,SAME_PLACE_ADDRESS_VARIANT,EXACT_CURRENT,,0,BROADCAST_SOURCE_MISSING,SOURCE_BACKFILL,P2,dist=71m
samdae-seomyeon-gijang-son-kalguksu,기장손칼국수,true,서면,한식,11495457,부산 부산진구 서면로 56,051-806-6832,35.1507871,129.0580262,11495457,기장손칼국수,부산 부산진구 서면로 56,부산 부산진구 부전동 256-6,051-806-6832,35.1555085142181,129.058300343603,EXACT_CURRENT,COORDINATE_MISMATCH,,0,BROADCAST_SOURCE_MISSING,COORDINATE_FIX_REVIEW,P0,dist=525m
samdae-seomyeon-wonjo-halmae-nakji,원조할매낙지,true,서면,한식,8035148,부산 부산진구 골드테마길 10,051-643-5037,35.1431201,129.0600424,8035148,원조할매낙지,부산 부산진구 골드테마길 10,부산 부산진구 범천동 837-43,051-643-5037,35.1421219238805,129.060144166702,EXACT_CURRENT,EXACT_CURRENT,,1,,NO_ACTION,P3,dist=111m
samdaecheonwang-shinbalwon,신발원,true,기타,중식,8407645,부산광역시 동구 대영로243번길 62,051-467-0177,35.114819,129.0387077,8407645,신발원,부산 동구 대영로243번길 62,부산 동구 초량동 561-1,051-463-0177,35.11481502493382,129.03871169461524,EXACT_CURRENT,EXACT_CURRENT,,1,,NO_ACTION,P3,dist=1m
sokssiwonhan-daegutang-haeundae,속씨원한 대구탕 해운대 본점,true,해운대,해산물,13299874,부산 해운대구 해운대로570번길 11 2층,051-731-4222,35.1608423303813,129.155427961245,13299874,속씨원한 대구탕 해운대 본점,부산 해운대구 해운대로570번길 11,부산 해운대구 우동 643-5,051-731-4222,35.16084233038125,129.1554279612453,SAME_PLACE_ADDRESS_VARIANT,EXACT_CURRENT,,0,BROADCAST_SOURCE_MISSING,SOURCE_BACKFILL,P2,dist=0m
subyeon-choego-doejigukbap-minrak,수변최고돼지국밥 민락본점,true,광안리,돼지국밥,14635779,부산 수영구 광안해변로370번길 9-32,051-754-9222,35.159452,129.13225,14635779,수변최고돼지국밥 민락본점,부산 수영구 광안해변로370번길 9-32,부산 수영구 민락동 110-54,051-754-9222,35.1566734914386,129.134270167499,EXACT_CURRENT,SAME_PLACE_ADDRESS_VARIANT,,0,BROADCAST_SOURCE_MISSING,SOURCE_BACKFILL,P2,dist=357m
sungsik-gaegeum-milmyeon,개금 밀면 본점,true,서면,밀면,1300578239,부산 부산진구 가야대로 784,051-345-6789,35.1543,129.0541,,,,,,,,PLACE_LOOKUP_FAILED,PLACE_LOOKUP_FAILED,,0,BROADCAST_SOURCE_MISSING,SOURCE_BACKFILL,P2,Kakao 매칭 실패
sungsik-gwangalli-geumson-1983,금손1983,true,광안리,한식,855139094,부산 수영구 수영로680번길 54 1층,,35.1662117,129.1167741,855139094,금손1983,부산 수영구 수영로680번길 54,부산 수영구 광안동 77-27,051-711-1983,35.1660262281294,129.117913176403,SAME_PLACE_ADDRESS_VARIANT,EXACT_CURRENT,PHONE_BACKFILL_READY,0,BROADCAST_SOURCE_MISSING,PHONE_BACKFILL,P2,dist=103m
sungsik-gwangalli-haejin-anago,해진아나고,true,광안리,회/해산물,22205150,부산 수영구 광서로10번길 47,,35.1662798250885,129.113920816396,22205150,해진아나고,부산 수영구 광서로10번길 47,부산 수영구 광안동 1075-3,010-8599-1090,35.16627982508849,129.11392081639607,EXACT_CURRENT,EXACT_CURRENT,PHONE_BACKFILL_READY,0,BROADCAST_SOURCE_MISSING,PHONE_BACKFILL,P2,dist=0m
sungsik-gwangalli-jinmi-eonyang-bulgogi,진미언양불고기,true,광안리,고기,8093058,부산 수영구 남천바다로33번길 7,051-753-1632,35.1516753,129.1163562,8093058,진미언양불고기,부산 수영구 남천바다로33번길 7,부산 수영구 광안동 203-21,051-753-1632,35.148877141910845,129.11410682577198,EXACT_CURRENT,SAME_PLACE_ADDRESS_VARIANT,,0,BROADCAST_SOURCE_MISSING,SOURCE_BACKFILL,P2,dist=369m
sungsik-nampodong-jungang-gomtang,중앙곰탕,true,남포동,한식,16035745,부산 중구 충장대로9번길 9 동영빌딩지하,0507-1396-4117,35.1029,129.0359,10795079,중앙곰탕,부산 중구 충장대로9번길 9,부산 중구 중앙동4가 88-18,051-469-4117,35.106111028005785,129.03734668670725,SAME_PLACE_ADDRESS_VARIANT,SAME_PLACE_ADDRESS_VARIANT,,0,BROADCAST_SOURCE_MISSING,SOURCE_BACKFILL,P2,Kakao 검색 id≠db_place_id(이름매칭) / dist=379m
sungsik-seomyeon-yanggopchang,문화양곱창,true,서면,한식,8988183,부산 부산진구 지게골로 75,051-345-0001,35.1601,129.0571,8988183,문화양곱창,부산 부산진구 가야대로784번길 56-8,부산 부산진구 부전동 519-18,051-804-5140,35.1550308363705,129.056712633763,ADDRESS_MISMATCH,COORDINATE_MISMATCH,,0,BROADCAST_SOURCE_MISSING,ADDRESS_FIX_REVIEW,P0,dist=564m
tzuyang-gangseo-samseong-galmijogae,삼성갈미조개,true,기타,회/해산물,21843973,부산 강서구 르노삼성대로 602 2층,051-271-0722,35.1015547859128,128.929184376214,21843973,삼성갈미조개,부산 강서구 르노삼성대로 602,부산 강서구 명지동 1532-14,051-271-0722,35.1015547859128,128.929184376214,SAME_PLACE_ADDRESS_VARIANT,EXACT_CURRENT,,0,BROADCAST_SOURCE_MISSING,SOURCE_BACKFILL,P2,dist=0m
tzuyang-gwangalli-darijip,다리집,true,광안리,분식/길거리,8849564,부산 수영구 남천바다로10번길 70 101호,,35.1465000685725,129.110686983241,8849564,다리집 본점,부산 수영구 남천바다로10번길 70,부산 수영구 남천동 29-4,,35.14650006857246,129.11068698324127,SAME_PLACE_ADDRESS_VARIANT,EXACT_CURRENT,PHONE_NOT_AVAILABLE,0,BROADCAST_SOURCE_MISSING,SOURCE_BACKFILL,P2,dist=0m
tzuyang-haeundae-chopilsal,초필살돼지구이 해운대본점,true,해운대,고기,27485287,부산 해운대구 마린시티3로 23 벽산E오렌지프라자 A동 107호,051-747-5571,35.156337,129.1468,27485287,초필살돼지구이 본점,부산 해운대구 마린시티3로 23,부산 해운대구 우동 1435,051-747-5571,35.15633667920038,129.14679979835628,SAME_PLACE_ADDRESS_VARIANT,EXACT_CURRENT,,0,BROADCAST_SOURCE_MISSING,SOURCE_BACKFILL,P2,dist=0m
tzuyang-haeundae-ppalgan-tteokbokki,빨간떡볶이,true,해운대,분식/길거리,20522414,부산 해운대구 우동1로20번가길 4 1층,051-743-2814,35.1666923,129.1583341,20522414,빨간떡볶이,부산 해운대구 우동1로20번길 74,부산 해운대구 우동 552-2,051-743-2814,35.16553238654025,129.160506443788,SAME_PLACE_ADDRESS_VARIANT,SAME_PLACE_ADDRESS_VARIANT,,0,BROADCAST_SOURCE_MISSING,SOURCE_BACKFILL,P2,dist=232m
tzuyang-haeundae-sanggukine,상국이네,true,해운대,분식/길거리,9089301,부산 해운대구 구남로41번길 40-1 (해운대전통시장),,35.162016169133,129.162876930959,9089301,상국이네,부산 해운대구 구남로41번길 40-1,부산 해운대구 중동 1394-42,051-742-9001,35.162016169133,129.16287693095907,SAME_PLACE_ADDRESS_VARIANT,EXACT_CURRENT,PHONE_BACKFILL_READY,0,BROADCAST_SOURCE_MISSING,PHONE_BACKFILL,P2,dist=0m
tzuyang-nampo-ijaemo-pizza,이재모피자 본점,true,남포동,양식,10070964,부산 중구 광복중앙로 31,051-255-9494,35.102042,129.030747,10070964,이재모피자 본점,부산 중구 광복중앙로 31,부산 중구 신창동1가 2-1,051-255-9494,35.10204215079571,129.030747190728,EXACT_CURRENT,EXACT_CURRENT,,2,,NO_ACTION,P3,dist=0m
tzuyang-nampo-ssiat-hotteok,남포동 씨앗호떡,true,남포동,분식/길거리,26889472,부산 중구 광복로 56,,35.0981,129.0307,,,,,,,,PLACE_LOOKUP_FAILED,PLACE_LOOKUP_FAILED,PHONE_LOOKUP_FAILED,0,BROADCAST_SOURCE_MISSING,SOURCE_BACKFILL,P2,Kakao 매칭 실패
tzuyang-seomyeon-dongchuni-mandu,동춘이만두,true,서면,분식/길거리,27361254,부산 부산진구 당감로25번길 11,051-896-1869,35.1640545179476,129.038947080611,27361254,동춘이만두,부산 부산진구 당감로25번길 11,부산 부산진구 당감동 432-2,051-896-1869,35.1640545179476,129.038947080611,EXACT_CURRENT,EXACT_CURRENT,,0,BROADCAST_SOURCE_MISSING,SOURCE_BACKFILL,P2,dist=0m
tzuyang-yeongdo-dongbang-milmyeon,동방밀면,true,영도,밀면,8914478,부산 영도구 꿈나무길 239,051-416-9592,35.0866836875615,129.043439197984,8914478,동방밀면,부산 영도구 꿈나무길 239,부산 영도구 영선동2가 222-1,051-416-9592,35.0866836875615,129.043439197984,EXACT_CURRENT,EXACT_CURRENT,,0,BROADCAST_SOURCE_MISSING,SOURCE_BACKFILL,P2,dist=0m
tzuyang-yeongdo-dongsamdong-buljjampong,동삼동불짬뽕,true,영도,중식,19041717,부산 영도구 동삼남로 21,051-403-7388,35.0778493510842,129.068050623359,19041717,동삼동불짬뽕,부산 영도구 동삼남로 21,부산 영도구 동삼동 323-171,051-403-7388,35.0778493510842,129.068050623359,EXACT_CURRENT,EXACT_CURRENT,,0,BROADCAST_SOURCE_MISSING,SOURCE_BACKFILL,P2,dist=0m
tzuyang-yeonje-yeonji-yanggopchang,연지가양곱창,true,연제,고기,1368195059,부산 연제구 반송로 18-6 1층,051-853-2345,35.1890866,129.0855784,1368195059,연지가양곱창,부산 연제구 반송로 18-6,부산 연제구 연산동 603-54,051-853-2345,35.18675941378491,129.08319365989922,SAME_PLACE_ADDRESS_VARIANT,SAME_PLACE_ADDRESS_VARIANT,,0,BROADCAST_SOURCE_MISSING,SOURCE_BACKFILL,P2,dist=334m
wonjo-gaya-milmyeon,원조가야밀면,true,기타,밀면,505835564,부산 사하구 낙동대로451번길 33,,35.107073,128.966453,505835564,원조가야밀면,부산 사하구 낙동대로451번길 33,부산 사하구 하단동 620-5,,35.1036815870126,128.970190345974,EXACT_CURRENT,COORDINATE_MISMATCH,PHONE_NOT_AVAILABLE,0,BROADCAST_SOURCE_MISSING,COORDINATE_FIX_REVIEW,P0,dist=502m
