slug,name,area,category,kind,source_name,title,source_url,label,status
2tv-bupyeong-kkang-dwaehu,깡돼후,남포동,고기,tv,2TV 생생정보,요즘 시장 24시 - 부산 부평깡통시장 돼지갈비 후라이드,https://www.youtube.com/watch?v=MeYFEV_9a-E,방송 출연,to_insert
2tv-gumjeong-geumjukheon,금죽헌 금정산성점,기타,한식,tv,2TV 생생정보,맛집 맞수다 - 가족 외식 메뉴 최강자는? 소불고기전골,https://www.topstarnews.net/news/articleView.html?idxno=16052332,방송 출연,to_insert
2tv-gwangan-kuromatsu,구로마쯔,광안리,일식,tv,2TV 생생정보,장PD의 AI 여행기 - 부산 광안리 오션뷰 철판 코스 맛집,https://bokjiyao.com/broadcast-restaurant-kbs-7707/,방송 출연,to_insert
baekban-dongnae-pajeon,동래할매파전,동래,한식,tv,백반기행,부산 동래 편 — 60년 전통,https://www.youtube.com/watch?v=elOwgw2C__o,방송 출연,to_insert
baekban-haeundae-yangs-yanggopchang,양가네 양곱창,해운대,고기,tv,식객 허영만의 백반기행,찐 부산인 정우가 알려주는 부산사투리 (145회),,방송 출연,to_insert
baekban-namgu-chossijib,궁중해물탕 조씨집 대연본점,남구,해산물,tv,식객 허영만의 백반기행,식객 허영만의 백반기행,https://www.youtube.com/watch?v=wF6IgszT6Kw,방송 출연,to_insert
baekban-nampo-18-wandang,18번완당집,남포동,한식,tv,식객 허영만의 백반기행,식객 허영만의 백반기행,https://www.youtube.com/watch?v=T7c5MKVlemc,방송 출연,to_insert
baekban-nampo-subok-centa,수복센타,남포동,한식,tv,식객 허영만의 백반기행,4회 단디 차린 부산밥상,https://www.diningcode.com/profile.php?rid=xQpuUizjv4Mz,방송 출연,to_insert
baekban-seogu-yetnal-guksujip,옛날국수집,기타,분식/길거리,tv,식객 허영만의 백반기행,242회 호탕하다 부산밥상,https://2.violet097.com/entry/백반기행-부산-국수집-아미동-옛날국수집-73년-전통의-맛,방송 출연,to_insert
baekban-seomyeon-marathon-jib,마라톤집,서면,한식,tv,식객 허영만의 백반기행,식객 허영만의 백반기행,https://www.youtube.com/watch?v=9aYaacYvVp4,방송 출연,to_insert
baekban-seomyeon-masan-sikdang,마산식당,서면,돼지국밥,tv,식객 허영만의 백반기행,맑게 우려낸 국물 깊은 맛의 돼지국밥 (336회),,방송 출연,to_insert
baekban-yeongdo-gamasot-doejigukbap,가마솥돼지국밥 영도점,영도,돼지국밥,tv,식객 허영만의 백반기행,식객 허영만의 백반기행,https://www.youtube.com/watch?v=YP-SCqkcut0,방송 출연,to_insert
baekban-yeongdo-jinju-sikdang,진주식당,영도,한식,tv,식객 허영만의 백반기행,부산 속살 맛보러 오이소! 진짜배기 부산 밥상 (61회),,방송 출연,to_insert
baekban-yeongdo-jungri-haenyeochon,영도 중리해녀촌,영도,해산물,tv,식객 허영만의 백반기행,부산 속살 맛보러 오이소! 진짜배기 부산 밥상 (61회),,방송 출연,to_insert
baekhwa-yanggopchang-1ho,백화양곱창 1호,남포동,한식,youtube,쯔양,여기가 제 부산1등 입니다.. 이모님과 손님들 모두가 놀란 양곱창 이모카세 먹방,"https://youtu.be/MMnivNofP0M
",YouTube 출연,to_insert
ddoganjip-hapcheon-ilryu-dwaeji-gukbap,합천일류돼지국밥,사상,돼지국밥,youtube,풍자 또간집,또간집 부산 국밥편,https://www.youtube.com/watch?v=qITTdfvaXmY,YouTube 출연,to_insert
ddoganjip-pungnyeon-gopchang,풍년곱창,남구,곱창,youtube,풍자 또간집,또간집 부산편,,YouTube 출연,to_insert
hibab-cheongsa-hoe-center,청사포 도희네 조개구이,해운대,해산물,youtube,히밥,부산 회 가성비 끝판왕,https://youtube.com/@heebab,YouTube 출연,to_insert
hoeguksu-halmaejip,회국수할매집,서면,한식,tv,식객 허영만의 백반기행,식객 허영만의 백반기행,https://programs.sbs.co.kr/culture/lifemaster/vod/55733/cu0207f0057200,방송 출연,to_insert
iganae-tteokbokki,이가네떡볶이 본점,남포동,분식/길거리,tv,백종원의 3대천왕,이가네떡볶이 방송 소개,https://programs.sbs.co.kr/enter/3kings/clip/53282/22000142252,방송 출연,to_insert
michinmatjip-seogu-sinchang-gukbap,신창국밥 본점,기타,돼지국밥,tv,미친맛집,부산 편,,방송 출연,to_insert
pungja-namgu-hapcheon-gukbap,합천국밥집,남구,돼지국밥,youtube,또간집,또간집,https://www.youtube.com/watch?v=qITTdfvaXmY,YouTube 출연,to_insert
pungja-nampo-milyangjib,밀양집,남포동,돼지국밥,youtube,또간집,부산 돼지국밥 1등 편,https://www.youtube.com/watch?v=qITTdfvaXmY,YouTube 출연,to_insert
saengdal-centum-bulbaek-gosurak,불백고수락 센텀본점,해운대,한식,tv,생활의 달인,공깃밥 달인,https://sun1.greenharmony11.com/entry/%EC%83%9D%ED%99%9C%EC%9D%98-%EB%8B%AC%EC%9D%B8-%EB%B6%80%EC%82%B0%ED%95%B4%EC%9A%B4%EB%8C%80%EB%A7%9B%EC%A7%91-%EA%B3%B5%EA%B9%83%EB%B0%A5-%EB%8B%AC%EC%9D%B8-%EC%9C%84%EC%B9%98%EC%A0%95%EB%B3%B4,방송 출연,to_insert
saengdal-gwangalli-boulangerie-lassence,블랑제리 라센,광안리,카페/베이커리,tv,생활의 달인,960회 빵의 전쟁 부산 1탄,https://www.lecturernews.com/news/articleView.html?idxno=167320,방송 출연,to_insert
saengdal-jeonpo-toda-park,토다공원,서면,일식,tv,생활의 달인,부산 오코노미야키·몬자야키 달인,,방송 출연,to_insert
saengsaeng-sasang-jurye-suyuk-kalguksu,주례수육칼국수 2호점,사상,한식,tv,2TV 생생정보,가격파괴 WHY — 4000원 수육칼국수,,방송 출연,to_insert
samdae-haeundae-wonjo-halmae-gukbap,해운대원조할매국밥,해운대,한식,tv,백종원의 3대 천왕,백종원의 3대 천왕,,방송 출연,to_insert
samdae-seomyeon-gijang-son-kalguksu,기장손칼국수,서면,한식,tv,백종원의 3대 천왕,47회,https://programs.sbs.co.kr/enter/3kings/vod/53280/22000185941,방송 출연,to_insert
subyeon-choego-doejigukbap-minrak,수변최고돼지국밥 민락본점,광안리,돼지국밥,tv,수요미식회,수요미식회,https://www.youtube.com/watch?v=UPL2ia1kSRo,방송 출연,to_insert
sungsik-gaegeum-milmyeon,개금 밀면 본점,서면,밀면,youtube,먹을텐데,부산 밀면 투어 (feat. 성시경),https://youtube.com/@sungsikyung,YouTube 출연,to_insert
sungsik-gwangalli-geumson-1983,금손1983,광안리,한식,youtube,성시경의 먹을텐데,부산 금손1983 with 이대호,https://www.youtube.com/watch?v=dBjCfY2fKQc,YouTube 출연,to_insert
sungsik-gwangalli-haejin-anago,해진아나고,광안리,회/해산물,youtube,,부산 해진아나고,https://www.youtube.com/watch?v=VkW3eo6C0fA,YouTube 출연,EXCLUDED_REVIEW
sungsik-gwangalli-jinmi-eonyang-bulgogi,진미언양불고기,광안리,고기,youtube,성시경의 먹을텐데,성시경의 먹을텐데,https://www.youtube.com/watch?v=MvX_vWtm8P0,YouTube 출연,to_insert
sungsik-nampodong-jungang-gomtang,중앙곰탕,남포동,한식,youtube,먹을텐데,성시경의 먹을텐데,https://youtu.be/k9pte2X-4NA,YouTube 출연,to_insert
sungsik-seomyeon-yanggopchang,문화양곱창,서면,한식,youtube,먹을텐데,부산 곱창 원정대,https://youtube.com/@sungsikyung,YouTube 출연,to_insert
tzuyang-gangseo-samseong-galmijogae,삼성갈미조개,기타,회/해산물,youtube,,명지 갈삼구이 먹방,https://www.busan.com/view/busan/view.php?code=2025081316134398280,YouTube 출연,EXCLUDED_REVIEW
tzuyang-gwangalli-darijip,다리집,광안리,분식/길거리,youtube,,부산 3대 떡볶이 투어,https://www.busan.com/view/busan/view.php?code=2025080714534416582,YouTube 출연,EXCLUDED_REVIEW
tzuyang-haeundae-chopilsal,초필살돼지구이 해운대본점,해운대,고기,youtube,쯔양,부산 먹방 여행 1편,https://www.youtube.com/watch?v=0wqmQV3-DZg,YouTube 출연,to_insert
tzuyang-haeundae-ppalgan-tteokbokki,빨간떡볶이,해운대,분식/길거리,youtube,쯔양,부산 3대 떡볶이 투어 1번째,https://www.youtube.com/watch?v=9tkT6z80_ro,YouTube 출연,to_insert
tzuyang-haeundae-sanggukine,상국이네,해운대,분식/길거리,youtube,,부산 3대 떡볶이 투어,https://www.busan.com/view/busan/view.php?code=2025080714534416582,YouTube 출연,EXCLUDED_REVIEW
tzuyang-nampo-ssiat-hotteok,남포동 씨앗호떡,남포동,분식/길거리,youtube,쯔양,부산 길거리 음식 먹방,https://youtube.com/@tzuyang96,YouTube 출연,to_insert
tzuyang-seomyeon-dongchuni-mandu,동춘이만두,서면,분식/길거리,youtube,,당감동 가성비 맛집 먹방,https://www.busan.com/view/busan/view.php?code=2025081316134398280,YouTube 출연,EXCLUDED_REVIEW
tzuyang-yeongdo-dongbang-milmyeon,동방밀면,영도,밀면,youtube,,부산 밀면 먹방,https://www.busan.com/view/busan/view.php?code=2025080714534416582,YouTube 출연,EXCLUDED_REVIEW
tzuyang-yeongdo-dongsamdong-buljjampong,동삼동불짬뽕,영도,중식,youtube,,영도 불짬뽕 매운맛 도전,https://www.busan.com/view/busan/view.php?code=2025080714534416582,YouTube 출연,EXCLUDED_REVIEW
tzuyang-yeonje-yeonji-yanggopchang,연지가양곱창,연제,고기,youtube,쯔양,부산 먹방투어 1등 맛집,https://www.youtube.com/watch?v=1ZdP98zOQ7A,YouTube 출연,to_insert
wonjo-gaya-milmyeon,원조가야밀면,기타,밀면,tv,생활의 달인,은둔식당 - 가야 밀면 달인,,방송 출연,to_insert
