slug,name,area,category,source_type,source_title,program_name,creator_name,episode_title,broadcast_date,video_url,has_appearance,place_id,trust_kind,trust_source_name,trust_title,trust_url,trust_date,status,priority,backfill_candidate,notes
2tv-bupyeong-kkang-dwaehu,깡돼후,남포동,고기,tv,KBS 2TV 생생정보,2TV 생생정보,,요즘 시장 24시 - 부산 부평깡통시장 돼지갈비 후라이드,2026-04-08,https://www.youtube.com/watch?v=MeYFEV_9a-E,yes,213124109,tv,2TV 생생정보,요즘 시장 24시 - 부산 부평깡통시장 돼지갈비 후라이드,https://www.youtube.com/watch?v=MeYFEV_9a-E,2026-04-08,READY,P1,YES,
2tv-gumjeong-geumjukheon,금죽헌 금정산성점,기타,한식,tv,KBS 2TV 생생정보,2TV 생생정보,,맛집 맞수다 - 가족 외식 메뉴 최강자는? 소불고기전골,2026-05-05,https://www.topstarnews.net/news/articleView.html?idxno=16052332,yes,,tv,2TV 생생정보,맛집 맞수다 - 가족 외식 메뉴 최강자는? 소불고기전골,https://www.topstarnews.net/news/articleView.html?idxno=16052332,2026-05-05,READY,P1,YES,
2tv-gwangan-kuromatsu,구로마쯔,광안리,일식,tv,KBS 2TV 생생정보,2TV 생생정보,,장PD의 AI 여행기 - 부산 광안리 오션뷰 철판 코스 맛집,2026-05-16,https://bokjiyao.com/broadcast-restaurant-kbs-7707/,yes,1553493687,tv,2TV 생생정보,장PD의 AI 여행기 - 부산 광안리 오션뷰 철판 코스 맛집,https://bokjiyao.com/broadcast-restaurant-kbs-7707/,2026-05-16,READY,P1,YES,
ansungjae-yeonje-mapobonga,마포본가,연제,고기,youtube,안성재 셰프 유튜브,안성재 셰프 유튜브,,김재훈 셰프 단골집 소개,2025-12-11,https://www.busan.com/view/busan/view.php?code=2025121109511500016,yes,17981818,youtube,안성재 셰프 유튜브,김재훈 셰프 단골집 소개,https://www.busan.com/view/busan/view.php?code=2025121109511500016,2025-12-11,READY,P2,YES,
baekban-dongnae-pajeon,동래할매파전,동래,한식,tv,백반기행,백반기행,,부산 동래 편 — 60년 전통,2024-09-14,https://www.youtube.com/watch?v=elOwgw2C__o,yes,10305625,tv,백반기행,부산 동래 편 — 60년 전통,https://www.youtube.com/watch?v=elOwgw2C__o,2024-09-14,READY,P1,YES,
baekban-haeundae-yangs-yanggopchang,양가네 양곱창,해운대,고기,tv,식객 허영만의 백반기행,식객 허영만의 백반기행,,찐 부산인 정우가 알려주는 부산사투리 (145회),2022-03-25,,yes,15897470,tv,식객 허영만의 백반기행,찐 부산인 정우가 알려주는 부산사투리 (145회),,2022-03-25,READY,P1,YES,url 없음
baekban-namgu-chossijib,궁중해물탕 조씨집 대연본점,남구,해산물,tv,식객 허영만의 백반기행,식객 허영만의 백반기행,,,2026-02-22,https://www.youtube.com/watch?v=wF6IgszT6Kw,yes,11552847,tv,식객 허영만의 백반기행,,https://www.youtube.com/watch?v=wF6IgszT6Kw,2026-02-22,READY,P1,YES,
baekban-nampo-18-wandang,18번완당집,남포동,한식,tv,식객 허영만의 백반기행,식객 허영만의 백반기행,,,2020-07-24,https://www.youtube.com/watch?v=T7c5MKVlemc,yes,26940615,tv,식객 허영만의 백반기행,,https://www.youtube.com/watch?v=T7c5MKVlemc,2020-07-24,READY,P1,YES,
baekban-nampo-subok-centa,수복센타,남포동,한식,tv,식객 허영만의 백반기행,식객 허영만의 백반기행,,4회 단디 차린 부산밥상,2019-06-06,https://www.diningcode.com/profile.php?rid=xQpuUizjv4Mz,yes,11128820,tv,식객 허영만의 백반기행,4회 단디 차린 부산밥상,https://www.diningcode.com/profile.php?rid=xQpuUizjv4Mz,2019-06-06,READY,P1,YES,
baekban-seogu-yetnal-guksujip,옛날국수집,기타,분식/길거리,tv,식객 허영만의 백반기행,식객 허영만의 백반기행,,242회 호탕하다 부산밥상,2024-04-07,https://2.violet097.com/entry/백반기행-부산-국수집-아미동-옛날국수집-73년-전통의-맛,yes,964978610,tv,식객 허영만의 백반기행,242회 호탕하다 부산밥상,https://2.violet097.com/entry/백반기행-부산-국수집-아미동-옛날국수집-73년-전통의-맛,2024-04-07,READY,P1,YES,
baekban-seomyeon-marathon-jib,마라톤집,서면,한식,tv,식객 허영만의 백반기행,식객 허영만의 백반기행,,,2021-05-14,https://www.youtube.com/watch?v=9aYaacYvVp4,yes,8962822,tv,식객 허영만의 백반기행,,https://www.youtube.com/watch?v=9aYaacYvVp4,2021-05-14,READY,P1,YES,
baekban-seomyeon-masan-sikdang,마산식당,서면,돼지국밥,tv,식객 허영만의 백반기행,식객 허영만의 백반기행,,맑게 우려낸 국물 깊은 맛의 돼지국밥 (336회),2026-02-22,,yes,8960022,tv,식객 허영만의 백반기행,맑게 우려낸 국물 깊은 맛의 돼지국밥 (336회),,2026-02-22,READY,P1,YES,url 없음
baekban-yeongdo-gamasot-doejigukbap,가마솥돼지국밥 영도점,영도,돼지국밥,tv,식객 허영만의 백반기행,식객 허영만의 백반기행,,,2026-02-22,https://www.youtube.com/watch?v=YP-SCqkcut0,yes,15526776,tv,식객 허영만의 백반기행,,https://www.youtube.com/watch?v=YP-SCqkcut0,2026-02-22,READY,P1,YES,
baekban-yeongdo-jinju-sikdang,진주식당,영도,한식,tv,식객 허영만의 백반기행,식객 허영만의 백반기행,,부산 속살 맛보러 오이소! 진짜배기 부산 밥상 (61회),2020-07-24,,yes,21319289,tv,식객 허영만의 백반기행,부산 속살 맛보러 오이소! 진짜배기 부산 밥상 (61회),,2020-07-24,READY,P1,YES,url 없음
baekban-yeongdo-jungri-haenyeochon,영도 중리해녀촌,영도,해산물,tv,식객 허영만의 백반기행,식객 허영만의 백반기행,,부산 속살 맛보러 오이소! 진짜배기 부산 밥상 (61회),2020-07-24,,yes,273038784,tv,식객 허영만의 백반기행,부산 속살 맛보러 오이소! 진짜배기 부산 밥상 (61회),,2020-07-24,READY,P1,YES,url 없음
baekhwa-yanggopchang-1ho,백화양곱창 1호,남포동,한식,youtube,"tzuyang쯔양
",,쯔양,여기가 제 부산1등 입니다.. 이모님과 손님들 모두가 놀란 양곱창 이모카세 먹방,2025-07-09,"https://youtu.be/MMnivNofP0M
",yes,2061622071,youtube,쯔양,여기가 제 부산1등 입니다.. 이모님과 손님들 모두가 놀란 양곱창 이모카세 먹방,"https://youtu.be/MMnivNofP0M
",2025-07-09,READY,P1,YES,
ddoganjip-hapcheon-ilryu-dwaeji-gukbap,합천일류돼지국밥,사상,돼지국밥,youtube,풍자 또간집,풍자 또간집,풍자,또간집 부산 국밥편,2024-04-26,https://www.youtube.com/watch?v=qITTdfvaXmY,yes,10928210,youtube,풍자 또간집,또간집 부산 국밥편,https://www.youtube.com/watch?v=qITTdfvaXmY,2024-04-26,READY,P1,YES,
ddoganjip-pungnyeon-gopchang,풍년곱창,남구,곱창,youtube,풍자 또간집,풍자 또간집,풍자,또간집 부산편,,,yes,15291956,youtube,풍자 또간집,또간집 부산편,,,READY,P1,YES,url 없음
hanyakbang-gukbap-hyeongje-food,한약방돼지국밥 형제식품,서면,돼지국밥,tv,전현무계획3,전현무계획3,,부산 편 돼지국밥 맛집,2026-01-09,https://www.youtube.com/watch?v=jopCWT0ouHA,yes,2017689767,tv,전현무계획3,부산 편 돼지국밥 맛집,https://www.youtube.com/watch?v=jopCWT0ouHA,2026-01-09,READY,P2,YES,
hibab-cheongsa-hoe-center,청사포 도희네 조개구이,해운대,해산물,youtube,히밥,히밥,히밥,부산 회 가성비 끝판왕,2025-03-01,https://youtube.com/@heebab,yes,510744836,youtube,히밥,부산 회 가성비 끝판왕,https://youtube.com/@heebab,2025-03-01,READY,P1,YES,
hoeguksu-halmaejip,회국수할매집,서면,한식,tv,식객 허영만의 백반기행,식객 허영만의 백반기행,,,2017-05-08,https://programs.sbs.co.kr/culture/lifemaster/vod/55733/cu0207f0057200,yes,11260858,tv,식객 허영만의 백반기행,,https://programs.sbs.co.kr/culture/lifemaster/vod/55733/cu0207f0057200,2017-05-08,READY,P1,YES,
iganae-tteokbokki,이가네떡볶이 본점,남포동,분식/길거리,tv,백종원의 3대천왕,백종원의 3대천왕,,이가네떡볶이 방송 소개,2015-09-11,https://programs.sbs.co.kr/enter/3kings/clip/53282/22000142252,yes,20204736,tv,백종원의 3대천왕,이가네떡볶이 방송 소개,https://programs.sbs.co.kr/enter/3kings/clip/53282/22000142252,2015-09-11,READY,P1,YES,
jeonhyun-gijang-haenyeo-halmaejib,5번 친구해녀할매집,기장,해산물,tv,전현무계획3,전현무계획3,전현무,시즌3 부산 기장 해녀촌 편 (with 김혜은),2026-01-09,,yes,704870096,tv,전현무계획3,시즌3 부산 기장 해녀촌 편 (with 김혜은),,2026-01-09,READY,P2,YES,url 없음
jeonhyun-gwangalli-biwa-suljan,비와술잔,광안리,일식,youtube,전현무계획2,전현무계획2,,9화 부산 이모카세,2024-12-13,https://www.youtube.com/watch?v=pYNlYhN8ebQ,yes,1848137369,youtube,전현무계획2,9화 부산 이모카세,https://www.youtube.com/watch?v=pYNlYhN8ebQ,2024-12-13,READY,P2,YES,
jeonhyun-gwangalli-yeonhap-hoejip,연합횟집,광안리,회,tv,전현무계획2,전현무계획2,,8화 부산 로컬맛집,2024-11-29,https://www.gukjenews.com/news/articleView.html?idxno=3148274,yes,18833899,tv,전현무계획2,8화 부산 로컬맛집,https://www.gukjenews.com/news/articleView.html?idxno=3148274,2024-11-29,READY,P2,YES,
jeonhyun-namgu-suta-hyemi-kalguksu,수타혜미칼국수,남구,분식/길거리,tv,전현무계획2,전현무계획2,,9회 부산편,2024-12-13,https://www.gukjenews.com/news/articleView.html?idxno=3159804,yes,26436780,tv,전현무계획2,9회 부산편,https://www.gukjenews.com/news/articleView.html?idxno=3159804,2024-12-13,READY,P2,YES,
jeonhyun-nampo-mullebanga-jeukseokgui,물레방아 즉석구이,남포동,고기,youtube,전현무계획2,전현무계획2,,8화 부산 안금무 노포,2024-11-29,https://www.youtube.com/watch?v=6DjVCwFEA9c,yes,8301894,youtube,전현무계획2,8화 부산 안금무 노포,https://www.youtube.com/watch?v=6DjVCwFEA9c,2024-11-29,READY,P2,YES,
jeonhyun-nampo-yeosongje,여송제,남포동,한식,tv,전현무계획2,전현무계획2,,9화 부산 남포동 냉채족발,2024-12-13,https://www.gukjenews.com/news/articleView.html?idxno=3159804,yes,10656018,tv,전현무계획2,9화 부산 남포동 냉채족발,https://www.gukjenews.com/news/articleView.html?idxno=3159804,2024-12-13,READY,P2,YES,
jeonhyun-yeongdo-watda-sikdang,왔다식당,영도,고기,tv,전현무계획2,전현무계획2,,8화 부산 로컬맛집,2024-11-29,https://www.gukjenews.com/news/articleView.html?idxno=3148274,yes,9291686,tv,전현무계획2,8화 부산 로컬맛집,https://www.gukjenews.com/news/articleView.html?idxno=3148274,2024-11-29,READY,P2,YES,
live-today-donggu-halme-gimbap,할매김밥,기타,분식,tv,SBS 생방송 투데이,생방송 투데이,,인생분식 - 부산 할매김밥 50년 노포,2026-05-29,https://memoryu.ablo.kr/4821,yes,16286242,tv,생방송 투데이,인생분식 - 부산 할매김밥 50년 노포,https://memoryu.ablo.kr/4821,2026-05-29,READY,P2,YES,
live-today-samjin-eomuk,삼진어묵 본점,영도,해산물,tv,생방송 투데이,생방송 투데이,,,2018-08-03,https://meokja.tistory.com/m/2419,yes,22579540,tv,생방송 투데이,,https://meokja.tistory.com/m/2419,2018-08-03,READY,P2,YES,
live-today-suyeong-geumsin-jeonseon-sangyusibi,금신전선 상유십이,기타,한식,tv,SBS 생방송 투데이,생방송 투데이,,네가 왜 거기서 나와 - 카페에 등장한 특별한 손님,2026-05-29,https://memoryu.ablo.kr/4821,yes,1905565479,tv,생방송 투데이,네가 왜 거기서 나와 - 카페에 등장한 특별한 손님,https://memoryu.ablo.kr/4821,2026-05-29,READY,P2,YES,
matnyuk-sasang-doejigalbi,시골집명품석갈비,사상,고기,tv,맛있는녀석들,맛있는녀석들,,부산 돼지갈비 원정대,2024-07-17,,yes,1045757902,tv,맛있는녀석들,부산 돼지갈비 원정대,,2024-07-17,READY,P2,YES,url 없음
matnyuk-seomyeon-songjeong-3dae-gukbap,송정3대국밥,서면,돼지국밥,tv,맛있는녀석들,맛있는녀석들,,,2016-02-05,https://www.dailymotion.com/video/x3ttdo6,yes,10551889,tv,맛있는녀석들,,https://www.dailymotion.com/video/x3ttdo6,2016-02-05,READY,P2,YES,
michinmatjip-seogu-sinchang-gukbap,신창국밥 본점,기타,돼지국밥,tv,미친맛집,미친맛집,,부산 편,,,yes,7979137,tv,미친맛집,부산 편,,,READY,P1,YES,url 없음 / broadcast_date 없음
naeho-naengmyeon,내호냉면,남구,밀면,tv,맛있는녀석들,맛있는녀석들,,,2022-03-25,https://www.youtube.com/watch?v=WUBkecmzEs8,yes,11023144,tv,맛있는녀석들,,https://www.youtube.com/watch?v=WUBkecmzEs8,2022-03-25,READY,P2,YES,
oneuln-nampo-sammi-jip,삼미집,남포동,한식,tv,MBC 오늘N,오늘N,,할매식당 - 부산 국제시장 소갈비찜탕,2026-04-09,https://news.nate.com/view/20260409n28956,yes,16214505,tv,오늘N,할매식당 - 부산 국제시장 소갈비찜탕,https://news.nate.com/view/20260409n28956,2026-04-09,READY,P2,YES,
pungja-namgu-hapcheon-gukbap,합천국밥집,남구,돼지국밥,youtube,또간집,또간집,풍자,,2024-04-26,https://www.youtube.com/watch?v=qITTdfvaXmY,yes,1420643780,youtube,또간집,,https://www.youtube.com/watch?v=qITTdfvaXmY,2024-04-26,READY,P1,YES,
pungja-nampo-milyangjib,밀양집,남포동,돼지국밥,youtube,또간집,또간집,풍자,부산 돼지국밥 1등 편,2024-04-26,https://www.youtube.com/watch?v=qITTdfvaXmY,yes,10377715,youtube,또간집,부산 돼지국밥 1등 편,https://www.youtube.com/watch?v=qITTdfvaXmY,2024-04-26,READY,P1,YES,
saengbang-gwangalli-sanhae-hoejip,산해횟집,광안리,회,tv,생방송투데이 2221회,생방송투데이,,,2018-12-04,,yes,20554112,tv,생방송투데이,,,2018-12-04,READY,P2,YES,url 없음
saengdal-bukgu-shunsaikubo,슌사이쿠보 화명,기타,아시안,tv,생활의달인,생활의달인,,1027회,2026-04-20,https://programs.sbs.co.kr/culture/lifemaster/clip/55731/OC479169091,yes,1645649718,tv,생활의달인,1027회,https://programs.sbs.co.kr/culture/lifemaster/clip/55731/OC479169091,2026-04-20,READY,P2,YES,
saengdal-centum-bulbaek-gosurak,불백고수락 센텀본점,해운대,한식,tv,SBS 생활의 달인,생활의 달인,,공깃밥 달인,2026-02-23,https://sun1.greenharmony11.com/entry/%EC%83%9D%ED%99%9C%EC%9D%98-%EB%8B%AC%EC%9D%B8-%EB%B6%80%EC%82%B0%ED%95%B4%EC%9A%B4%EB%8C%80%EB%A7%9B%EC%A7%91-%EA%B3%B5%EA%B9%83%EB%B0%A5-%EB%8B%AC%EC%9D%B8-%EC%9C%84%EC%B9%98%EC%A0%95%EB%B3%B4,yes,987828015,tv,생활의 달인,공깃밥 달인,https://sun1.greenharmony11.com/entry/%EC%83%9D%ED%99%9C%EC%9D%98-%EB%8B%AC%EC%9D%B8-%EB%B6%80%EC%82%B0%ED%95%B4%EC%9A%B4%EB%8C%80%EB%A7%9B%EC%A7%91-%EA%B3%B5%EA%B9%83%EB%B0%A5-%EB%8B%AC%EC%9D%B8-%EC%9C%84%EC%B9%98%EC%A0%95%EB%B3%B4,2026-02-23,READY,P1,YES,
saengdal-geumjeong-songs-bakery,송스 베이커리,기타,베이커리/디저트,tv,생활의달인,생활의달인,,빵의 전쟁2,2024-12-09,https://programs.sbs.co.kr/culture/lifemaster/clip/55731/OC473025008,yes,1678402588,tv,생활의달인,빵의 전쟁2,https://programs.sbs.co.kr/culture/lifemaster/clip/55731/OC473025008,2024-12-09,READY,P2,YES,
saengdal-gijang-ilgwangdang,일광당,기장,베이커리/디저트,tv,생활의달인,생활의달인,,,2026-04-06,https://www.youtube.com/watch?v=SBENitS_4CM,yes,14723726,tv,생활의달인,,https://www.youtube.com/watch?v=SBENitS_4CM,2026-04-06,READY,P2,YES,
saengdal-gijang-jeil-bunsik,제일분식,기장,분식/길거리,tv,생활의달인,생활의달인,,1024회,2026-03-30,https://www.youtube.com/watch?v=q5aztWoZJRs,yes,10088181,tv,생활의달인,1024회,https://www.youtube.com/watch?v=q5aztWoZJRs,2026-03-30,READY,P2,YES,
saengdal-gwangalli-boulangerie-lassence,블랑제리 라센,광안리,카페/베이커리,tv,생활의 달인,생활의 달인,,960회 빵의 전쟁 부산 1탄,2024-12-02,https://www.lecturernews.com/news/articleView.html?idxno=167320,yes,748130607,tv,생활의 달인,960회 빵의 전쟁 부산 1탄,https://www.lecturernews.com/news/articleView.html?idxno=167320,2024-12-02,READY,P1,YES,
saengdal-gwangalli-jin-doejigomtang,진돼지곰탕,광안리,돼지국밥,tv,생활의달인,생활의달인,,M슐랭 돼지곰탕 달인 (1022회),2026-03-23,,yes,1398392170,tv,생활의달인,M슐랭 돼지곰탕 달인 (1022회),,2026-03-23,READY,P2,YES,url 없음
saengdal-haeundae-amisan,아미산,해운대,중식,tv,생활의달인,생활의달인,,996회 양수평 대사부 중식,2025-08-18,,yes,7991031,tv,생활의달인,996회 양수평 대사부 중식,,2025-08-18,READY,P2,YES,url 없음
saengdal-haeundae-missaem-ssalbbang,미쌤쌀빵,해운대,베이커리/디저트,tv,생활의달인,생활의달인,,빵의 전쟁2 편,2024-12-09,https://hulk0713.tistory.com/entry/생활의-달인-빵의-전쟁-부산-2탄-베이커리-달인-부산-송스베이커리-미쌤쌀빵-쉐라미과자점-베엔씨제과,yes,930661152,tv,생활의달인,빵의 전쟁2 편,https://hulk0713.tistory.com/entry/생활의-달인-빵의-전쟁-부산-2탄-베이커리-달인-부산-송스베이커리-미쌤쌀빵-쉐라미과자점-베엔씨제과,2024-12-09,READY,P2,YES,
saengdal-jeonpo-toda-park,토다공원,서면,일식,tv,SBS 생활의 달인,생활의 달인,,부산 오코노미야키·몬자야키 달인,2026-05-04,,yes,536870603,tv,생활의 달인,부산 오코노미야키·몬자야키 달인,,2026-05-04,READY,P1,YES,url 없음
saengdal-namgu-daeyeon-milmyeon,대연밀면,남구,밀면,tv,생활의달인,생활의달인,,,2025-08-18,https://programs.sbs.co.kr/culture/lifemaster/vod/55731/22000611729,yes,16697877,tv,생활의달인,,https://programs.sbs.co.kr/culture/lifemaster/vod/55731/22000611729,2025-08-18,READY,P2,YES,
saengdal-saha-cheramie,쉐라미과자점,기타,베이커리/디저트,tv,생활의달인,생활의달인,,빵의 전쟁2,2024-12-09,https://hulk0713.tistory.com/entry/생활의-달인-빵의-전쟁-부산-2탄-베이커리-달인-부산-송스베이커리-미쌤쌀빵-쉐라미과자점-베엔씨제과,yes,9842611,tv,생활의달인,빵의 전쟁2,https://hulk0713.tistory.com/entry/생활의-달인-빵의-전쟁-부산-2탄-베이커리-달인-부산-송스베이커리-미쌤쌀빵-쉐라미과자점-베엔씨제과,2024-12-09,READY,P2,YES,
saengdal-sasang-peanut-bbangatgan,피넛빵앗간,사상,베이커리/디저트,tv,생활의달인,생활의달인,,빵의 전쟁 1026회 부산 소금빵,2026-04-13,,yes,1585286643,tv,생활의달인,빵의 전쟁 1026회 부산 소금빵,,2026-04-13,READY,P2,YES,url 없음
saengdal-suyeong-dongyang-sarada-namcheon,동양사라다 남천본점,광안리,베이커리/디저트,tv,생활의달인,생활의달인,,989회 부산 샐러드빵 달인,2025-06-30,,yes,217131038,tv,생활의달인,989회 부산 샐러드빵 달인,,2025-06-30,READY,P2,YES,url 없음
saengdal-suyeong-sushibashiku,스시바시쿠,광안리,일식,tv,생활의달인,생활의달인,,1027회 오사카에서 온 초밥 달인,2026-04-20,,yes,629144469,tv,생활의달인,1027회 오사카에서 온 초밥 달인,,2026-04-20,READY,P2,YES,url 없음
saengdal-yeongdo-sato-bunsik,사또분식,영도,분식/길거리,tv,생활의달인,생활의달인,,이색 김밥 달인 편,2023-05-22,https://programs.sbs.co.kr/culture/lifemaster/vod/55733/22000500544,yes,9808354,tv,생활의달인,이색 김밥 달인 편,https://programs.sbs.co.kr/culture/lifemaster/vod/55733/22000500544,2023-05-22,READY,P2,YES,
saengsaeng-sasang-jurye-suyuk-kalguksu,주례수육칼국수 2호점,사상,한식,tv,2TV 생생정보,2TV 생생정보,,가격파괴 WHY — 4000원 수육칼국수,2017-08-09,,yes,1664107638,tv,2TV 생생정보,가격파괴 WHY — 4000원 수육칼국수,,2017-08-09,READY,P1,YES,url 없음
samdae-haeundae-wonjo-halmae-gukbap,해운대원조할매국밥,해운대,한식,tv,백종원의 3대 천왕,백종원의 3대 천왕,,,2016-07-30,,yes,367285394,tv,백종원의 3대 천왕,,,2016-07-30,READY,P1,YES,url 없음
samdae-seomyeon-gijang-son-kalguksu,기장손칼국수,서면,한식,tv,백종원의 3대 천왕,백종원의 3대 천왕,,47회,2016-07-23,https://programs.sbs.co.kr/enter/3kings/vod/53280/22000185941,yes,11495457,tv,백종원의 3대 천왕,47회,https://programs.sbs.co.kr/enter/3kings/vod/53280/22000185941,2016-07-23,READY,P1,YES,
sokssiwonhan-daegutang-haeundae,속씨원한 대구탕 해운대 본점,해운대,해산물,tv,맛있는녀석들,맛있는녀석들,,,2017-09-15,https://www.youtube.com/watch?v=AvDFjLoU9n8,yes,13299874,tv,맛있는녀석들,,https://www.youtube.com/watch?v=AvDFjLoU9n8,2017-09-15,READY,P2,YES,
subyeon-choego-doejigukbap-minrak,수변최고돼지국밥 민락본점,광안리,돼지국밥,tv,수요미식회,수요미식회,,,2018-03-21,https://www.youtube.com/watch?v=UPL2ia1kSRo,yes,14635779,tv,수요미식회,,https://www.youtube.com/watch?v=UPL2ia1kSRo,2018-03-21,READY,P1,YES,
sungsik-gaegeum-milmyeon,개금 밀면 본점,서면,밀면,youtube,성시경 먹을텐데,먹을텐데,성시경,부산 밀면 투어 (feat. 성시경),2024-11-03,https://youtube.com/@sungsikyung,yes,1300578239,youtube,먹을텐데,부산 밀면 투어 (feat. 성시경),https://youtube.com/@sungsikyung,2024-11-03,READY,P1,YES,
sungsik-gwangalli-geumson-1983,금손1983,광안리,한식,youtube,성시경의 먹을텐데,성시경의 먹을텐데,성시경,부산 금손1983 with 이대호,,https://www.youtube.com/watch?v=dBjCfY2fKQc,yes,855139094,youtube,성시경의 먹을텐데,부산 금손1983 with 이대호,https://www.youtube.com/watch?v=dBjCfY2fKQc,,READY,P1,YES,
sungsik-gwangalli-haejin-anago,해진아나고,광안리,회/해산물,youtube,성시경의 먹을텐데,,,부산 해진아나고,,https://www.youtube.com/watch?v=VkW3eo6C0fA,yes,22205150,youtube,성시경의 먹을텐데,부산 해진아나고,https://www.youtube.com/watch?v=VkW3eo6C0fA,,REVIEW,P1,no,"program/creator 미상, source_title만"
sungsik-gwangalli-jinmi-eonyang-bulgogi,진미언양불고기,광안리,고기,youtube,성시경의 먹을텐데,성시경의 먹을텐데,성시경,,2022-09-02,https://www.youtube.com/watch?v=MvX_vWtm8P0,yes,8093058,youtube,성시경의 먹을텐데,,https://www.youtube.com/watch?v=MvX_vWtm8P0,2022-09-02,READY,P1,YES,
sungsik-nampodong-jungang-gomtang,중앙곰탕,남포동,한식,youtube,성시경의 먹을텐데,먹을텐데,성시경,,2025-07-08,https://youtu.be/k9pte2X-4NA,yes,16035745,youtube,먹을텐데,,https://youtu.be/k9pte2X-4NA,2025-07-08,READY,P1,YES,
sungsik-seomyeon-yanggopchang,문화양곱창,서면,한식,youtube,성시경 먹을텐데,먹을텐데,성시경,부산 곱창 원정대,2025-01-20,https://youtube.com/@sungsikyung,yes,8988183,youtube,먹을텐데,부산 곱창 원정대,https://youtube.com/@sungsikyung,2025-01-20,READY,P1,YES,
tzuyang-gangseo-samseong-galmijogae,삼성갈미조개,기타,회/해산물,youtube,쯔양,,,명지 갈삼구이 먹방,,https://www.busan.com/view/busan/view.php?code=2025081316134398280,yes,21843973,youtube,쯔양,명지 갈삼구이 먹방,https://www.busan.com/view/busan/view.php?code=2025081316134398280,,REVIEW,P1,no,"program/creator 미상, source_title만"
tzuyang-gwangalli-darijip,다리집,광안리,분식/길거리,youtube,쯔양,,,부산 3대 떡볶이 투어,,https://www.busan.com/view/busan/view.php?code=2025080714534416582,yes,8849564,youtube,쯔양,부산 3대 떡볶이 투어,https://www.busan.com/view/busan/view.php?code=2025080714534416582,,REVIEW,P1,no,"program/creator 미상, source_title만"
tzuyang-haeundae-chopilsal,초필살돼지구이 해운대본점,해운대,고기,youtube,쯔양,쯔양,,부산 먹방 여행 1편,2022-07-09,https://www.youtube.com/watch?v=0wqmQV3-DZg,yes,27485287,youtube,쯔양,부산 먹방 여행 1편,https://www.youtube.com/watch?v=0wqmQV3-DZg,2022-07-09,READY,P1,YES,
tzuyang-haeundae-ppalgan-tteokbokki,빨간떡볶이,해운대,분식/길거리,youtube,쯔양,쯔양,쯔양,부산 3대 떡볶이 투어 1번째,2025-06-25,https://www.youtube.com/watch?v=9tkT6z80_ro,yes,20522414,youtube,쯔양,부산 3대 떡볶이 투어 1번째,https://www.youtube.com/watch?v=9tkT6z80_ro,2025-06-25,READY,P1,YES,
tzuyang-haeundae-sanggukine,상국이네,해운대,분식/길거리,youtube,쯔양,,,부산 3대 떡볶이 투어,,https://www.busan.com/view/busan/view.php?code=2025080714534416582,yes,9089301,youtube,쯔양,부산 3대 떡볶이 투어,https://www.busan.com/view/busan/view.php?code=2025080714534416582,,REVIEW,P1,no,"program/creator 미상, source_title만"
tzuyang-nampo-ssiat-hotteok,남포동 씨앗호떡,남포동,분식/길거리,youtube,쯔양,쯔양,쯔양,부산 길거리 음식 먹방,2024-10-22,https://youtube.com/@tzuyang96,yes,26889472,youtube,쯔양,부산 길거리 음식 먹방,https://youtube.com/@tzuyang96,2024-10-22,READY,P1,YES,
tzuyang-seomyeon-dongchuni-mandu,동춘이만두,서면,분식/길거리,youtube,쯔양,,,당감동 가성비 맛집 먹방,,https://www.busan.com/view/busan/view.php?code=2025081316134398280,yes,27361254,youtube,쯔양,당감동 가성비 맛집 먹방,https://www.busan.com/view/busan/view.php?code=2025081316134398280,,REVIEW,P1,no,"program/creator 미상, source_title만"
tzuyang-yeongdo-dongbang-milmyeon,동방밀면,영도,밀면,youtube,쯔양,,,부산 밀면 먹방,,https://www.busan.com/view/busan/view.php?code=2025080714534416582,yes,8914478,youtube,쯔양,부산 밀면 먹방,https://www.busan.com/view/busan/view.php?code=2025080714534416582,,REVIEW,P1,no,"program/creator 미상, source_title만"
tzuyang-yeongdo-dongsamdong-buljjampong,동삼동불짬뽕,영도,중식,youtube,쯔양,,,영도 불짬뽕 매운맛 도전,,https://www.busan.com/view/busan/view.php?code=2025080714534416582,yes,19041717,youtube,쯔양,영도 불짬뽕 매운맛 도전,https://www.busan.com/view/busan/view.php?code=2025080714534416582,,REVIEW,P1,no,"program/creator 미상, source_title만"
tzuyang-yeonje-yeonji-yanggopchang,연지가양곱창,연제,고기,youtube,쯔양,쯔양,쯔양,부산 먹방투어 1등 맛집,2024-07-10,https://www.youtube.com/watch?v=1ZdP98zOQ7A,yes,1368195059,youtube,쯔양,부산 먹방투어 1등 맛집,https://www.youtube.com/watch?v=1ZdP98zOQ7A,2024-07-10,READY,P1,YES,
wonjo-gaya-milmyeon,원조가야밀면,기타,밀면,tv,SBS 생활의 달인,생활의 달인,,은둔식당 - 가야 밀면 달인,2026-05-25,,yes,505835564,tv,생활의 달인,은둔식당 - 가야 밀면 달인,,2026-05-25,READY,P1,YES,url 없음
